[{"name": "Brussels South Charleroi Airport", "size": 137, "imports": ["Flugplatz Weser-Wümme", "Campo di Volo Palosco", "Brussels South Charleroi Airport", "Václav Havel Airport Prague", "Brussels South Charleroi Airport", "Václav Havel Airport Prague", "Rush Green Airstrip", "Brussels South Charleroi Airport", "Brussels South Charleroi Airport", "Brussels South Charleroi Airport", "Brussels South Charleroi Airport", "Václav Havel Airport Prague", "Campo di Volo Palosco", "Brussels South Charleroi Airport", "Treviso-Sant'Angelo Airport", "Campo di Volo Palosco", "Brussels South Charleroi Airport", "Brussels South Charleroi Airport", "Brussels South Charleroi Airport", "Namur-Suarlée Airfield", "Namur-Suarlée Airfield", "Adolfo Suárez Madrid–Barajas Airport", "Namur-Suarlée Airfield", "Campo di Volo Palosco", "Brussels South Charleroi Airport", "Paris Beauvais Tillé Airport", "Adolfo Suárez Madrid–Barajas Airport", "Paris Beauvais Tillé Airport", "Redhill Aerodrome", "Namur-Suarlée Airfield", "Namur-Suarlée Airfield", "Namur-Suarlée Airfield", "Brussels South Charleroi Airport", "Brussels South Charleroi Airport", "Brussels South Charleroi Airport", "Brussels South Charleroi Airport", "Namur-Suarlée Airfield", "Brussels South Charleroi Airport", "Brussels South Charleroi Airport", "Namur-Suarlée Airfield", "Aeroclub Nistelrode", "Brussels South Charleroi Airport", "Brussels South Charleroi Airport", "Campo di Volo Palosco", "Brussels South Charleroi Airport", "Brussels South Charleroi Airport", "Václav Havel Airport Prague", "Brussels South Charleroi Airport", "Campo di Volo Palosco", "Václav Havel Airport Prague", "Brussels South Charleroi Airport", "Brussels South Charleroi Airport", "Adolfo Suárez Madrid–Barajas Airport", "Namur-Suarlée Airfield", "Namur-Suarlée Airfield", "Hamburg Helmut Schmidt Airport", "Brussels South Charleroi Airport", "Campo di Volo Palosco", "Brussels South Charleroi Airport", "Brussels South Charleroi Airport", "Brussels South Charleroi Airport", "Brussels South Charleroi Airport", "Adolfo Suárez Madrid–Barajas Airport", "Brussels South Charleroi Airport", "Namur-Suarlée Airfield", "Campo di Volo Palosco", "Bell-Hundheim", "Brussels South Charleroi Airport", "Brussels South Charleroi Airport", "Brussels South Charleroi Airport", "Pula Airport", "Campo di Volo Palosco", "London Gliding Club", "Namur-Suarlée Airfield", "Campo di Volo Palosco", "Namur-Suarlée Airfield", "Treviso-Sant'Angelo Airport", "Namur-Suarlée Airfield", "Namur-Suarlée Airfield", "Brussels South Charleroi Airport", "Namur-Suarlée Airfield", "Namur-Suarlée Airfield", "Hunsdon Airfield", "Aeroclub Nistelrode", "Leonardo da Vinci–Fiumicino Airport", "Adolfo Suárez Madrid–Barajas Airport", "Brussels South Charleroi Airport", "Brussels South Charleroi Airport"]}, {"name": "Flugplatz Weser-Wümme", "size": 2, "imports": []}, {"name": "London Luton Airport", "size": 20, "imports": ["Rush Green Airstrip", "Rush Green Airstrip", "Aeródromo Loring", "Rush Green Airstrip", "Rush Green Airstrip", "Rush Green Airstrip", "Rush Green Airstrip", "Rush Green Airstrip", "Rush Green Airstrip", "Rush Green Airstrip", "Rush Green Airstrip", "Rush Green Airstrip", "Hunsdon Airfield", "Zürich Airport", "Nice-Côte d'Azur Airport", "Rush Green Airstrip", "Rush Green Airstrip", "Rush Green Airstrip", "Rush Green Airstrip"]}, {"name": "Rush Green Airstrip", "size": 101, "imports": ["Rush Green Airstrip", "Rush Green Airstrip", "Munich Airport", "Rush Green Airstrip", "Rush Green Airstrip", "Rush Green Airstrip", "High Cross Airstrip", "Rush Green Airstrip", "Rush Green Airstrip", "London Luton Airport", "Rush Green Airstrip", "Rush Green Airstrip", "Zürich Airport", "Boberg Airfield", "Berlin Brandenburg Airport", "Alverca Air Base", "EuroAirport Basel-Mulhouse-Freiburg Airport"]}, {"name": "Amsterdam Airport Schiphol", "size": 188, "imports": ["Enghien Moisselles Airfield", "Adolfo Suárez Madrid–Barajas Airport", "Redhill Aerodrome", "Redhill Aerodrome", "London Heathrow Airport", "Paris-Le Bourget Airport", "Amsterdam Airport Schiphol", "London Heathrow Airport", "Hunsdon Airfield", "Rush Green Airstrip", "Leonardo da Vinci–Fiumicino Airport", "Rush Green Airstrip", "Rush Green Airstrip", "London Heathrow Airport", "Redhill Aerodrome", "Redhill Aerodrome", "Rush Green Airstrip", "Redhill Aerodrome", "Oslo Airport, Gardermoen", "Redhill Aerodrome", "Alverca Air Base", "London Heathrow Airport", "Adolfo Suárez Madrid–Barajas Airport", "Zürich Airport", "Amsterdam Airport Schiphol", "Enghien Moisselles Airfield", "Rush Green Airstrip", "Amsterdam Airport Schiphol", "London Gatwick Airport", "Redhill Aerodrome", "Zürich Airport", "London Heathrow Airport", "Enghien Moisselles Airfield", "Redhill Aerodrome", "Redhill Aerodrome", "Amsterdam Airport Schiphol", "London Heathrow Airport", "Enghien Moisselles Airfield", "Redhill Aerodrome", "Paris-Le Bourget Airport", "Rush Green Airstrip", "Amsterdam Airport Schiphol", "London Gliding Club", "London Gatwick Airport", "Václav Havel Airport Prague", "Václav Havel Airport Prague", "London Heathrow Airport", "London Heathrow Airport", "Amsterdam Airport Schiphol", "London Gatwick Airport", "Rush Green Airstrip", "London Heathrow Airport", "London Gliding Club", "West Newland Farm Airstrip", "London Heathrow Airport", "Geneva Cointrin International Airport", "Paris-Le Bourget Airport", "Humberto Delgado Airport (Lisbon Portela Airport)", "London Heathrow Airport", "Redhill Aerodrome", "Amsterdam Airport Schiphol", "Redhill Aerodrome", "Redhill Aerodrome", "Redhill Aerodrome", "Redhill Aerodrome", "Amsterdam Airport Schiphol", "Little Chase Farm Airstrip", "Amsterdam Airport Schiphol", "Rush Green Airstrip", "Zürich Airport", "Zürich Airport", "Amsterdam Airport Schiphol", "Redhill Aerodrome", "London Heathrow Airport", "Rush Green Airstrip", "Rush Green Airstrip", "London Heathrow Airport", "Amsterdam Airport Schiphol", "Stoke Airfield", "Melsbroek Air Base", "Rush Green Airstrip", "Tillingham Airstrip", "Amsterdam Airport Schiphol", "Redhill Aerodrome", "Rush Green Airstrip", "Zürich Airport", "Campo di Volo Le Streghe", "Rush Green Airstrip", "Zürich Airport", "Adolfo Suárez Madrid–Barajas Airport", "Melsbroek Air Base", "Enghien Moisselles Airfield", "London City Airport", "Redhill Aerodrome", "Redhill Aerodrome", "Redhill Aerodrome", "Amsterdam Airport Schiphol", "Redhill Aerodrome", "Melsbroek Air Base", "London Gliding Club", "London Gatwick Airport", "Venice Marco Polo Airport", "London Heathrow Airport", "Flugplatz Ahrenlohe", "Amsterdam Airport Schiphol", "Cologne Bonn Airport", "EuroAirport Basel-Mulhouse-Freiburg Airport", "London Heathrow Airport", "Redhill Aerodrome", "EuroAirport Basel-Mulhouse-Freiburg Airport", "Villacoublay-Vélizy (BA 107) Air Base", "Tillingham Airstrip", "Toussus-le-Noble Airport", "London Heathrow Airport", "London Heathrow Airport", "Zürich Airport", "Amsterdam Airport Schiphol", "Zürich Airport", "Redhill Aerodrome", "London Heathrow Airport", "Frankfurt am Main Airport", "Geneva Cointrin International Airport", "Venice Marco Polo Airport", "Tillingham Airstrip", "Redhill Aerodrome", "Václav Havel Airport Prague", "Adolfo Suárez Madrid–Barajas Airport", "Václav Havel Airport Prague", "Enghien Moisselles Airfield", "London Heathrow Airport", "Milano Linate Airport", "Rush Green Airstrip", "Rush Green Airstrip", "Václav Havel Airport Prague", "Rush Green Airstrip", "Enghien Moisselles Airfield", "Redhill Aerodrome", "Rush Green Airstrip", "Enghien Moisselles Airfield", "Rush Green Airstrip", "Rush Green Airstrip", "Rush Green Airstrip", "London Gliding Club", "Redhill Aerodrome", "Enghien Moisselles Airfield", "Tillingham Airstrip", "London Gatwick Airport", "Rush Green Airstrip", "Campo di Volo Palosco", "Rush Green Airstrip"]}, {"name": "Enghien Moisselles Airfield", "size": 270, "imports": ["Paris-Le Bourget Airport", "London Heathrow Airport", "Boberg Airfield", "Václav Havel Airport Prague", "Paris-Le Bourget Airport", "London Heathrow Airport", "Enghien Moisselles Airfield", "Paris-Le Bourget Airport", "Redhill Aerodrome", "Enghien Moisselles Airfield", "Paris-Le Bourget Airport", "Paris-Le Bourget Airport", "London Heathrow Airport", "Paris-Le Bourget Airport", "Václav Havel Airport Prague", "Enghien Moisselles Airfield", "Adolfo Suárez Madrid–Barajas Airport", "Paris-Le Bourget Airport", "Enghien Moisselles Airfield", "Enghien Moisselles Airfield", "Enghien Moisselles Airfield", "Václav Havel Airport Prague", "London Heathrow Airport", "Rush Green Airstrip", "Amsterdam Airport Schiphol", "Amsterdam Airport Schiphol", "Paris-Le Bourget Airport", "Enghien Moisselles Airfield", "Enghien Moisselles Airfield", "Zürich Airport", "Frankfurt am Main Airport", "Paris-Le Bourget Airport", "Zürich Airport", "Enghien Moisselles Airfield", "Václav Havel Airport Prague", "Enghien Moisselles Airfield", "Mönchengladbach Airport", "Paris-Le Bourget Airport", "Zürich Airport", "Zürich Airport", "Paris-Le Bourget Airport", "Aeródromo Loring", "Enghien Moisselles Airfield", "Paris-Le Bourget Airport", "Enghien Moisselles Airfield", "London Heathrow Airport", "London City Airport", "Zürich Airport", "Zürich Airport", "Hamburg Helmut Schmidt Airport", "Paris-Le Bourget Airport", "London Heathrow Airport", "Rush Green Airstrip", "Paris-Le Bourget Airport", "Enghien Moisselles Airfield", "Milano Linate Airport", "Paris-Le Bourget Airport", "Paris-Le Bourget Airport", "Paris-Le Bourget Airport", "Enghien Moisselles Airfield", "Paris-Le Bourget Airport", "Berlin Brandenburg Airport", "Paris-Le Bourget Airport", "Zürich Airport", "Berlin Brandenburg Airport", "Zürich Airport", "Enghien Moisselles Airfield", "Enghien Moisselles Airfield", "Enghien Moisselles Airfield", "Enghien Moisselles Airfield", "Redhill Aerodrome", "Venice Marco Polo Airport", "Rush Green Airstrip", "Paris-Le Bourget Airport", "Venice Marco Polo Airport", "Enghien Moisselles Airfield", "Adolfo Suárez Madrid–Barajas Airport", "Hamburg Helmut Schmidt Airport", "Václav Havel Airport Prague", "Enghien Moisselles Airfield", "Enghien Moisselles Airfield", "Paris-Le Bourget Airport", "Enghien Moisselles Airfield", "Berlin Brandenburg Airport", "London Heathrow Airport", "Nice-Côte d'Azur Airport", "Munich Airport", "Václav Havel Airport Prague", "Enghien Moisselles Airfield", "Enghien Moisselles Airfield", "Enghien Moisselles Airfield", "Paris-Le Bourget Airport", "Kamnik Stol Airfield", "Václav Havel Airport Prague", "Adolfo Suárez Madrid–Barajas Airport", "Zürich Airport", "Redhill Aerodrome", "Hamburg Helmut Schmidt Airport", "Paris-Le Bourget Airport", "London Heathrow Airport", "Paris-Le Bourget Airport", "Paris-Le Bourget Airport", "Boberg Airfield", "Paris-Le Bourget Airport", "Rush Green Airstrip", "Flugplatz Saarmund", "Berlin Brandenburg Airport", "Aeródromo Loring", "Václav Havel Airport Prague", "Paris-Le Bourget Airport", "Enghien Moisselles Airfield", "Munich Airport", "Munich Airport", "Humberto Delgado Airport (Lisbon Portela Airport)", "Paris-Le Bourget Airport", "London Gatwick Airport", "Zürich Airport", "Enghien Moisselles Airfield", "Enghien Moisselles Airfield", "London Heathrow Airport", "Enghien Moisselles Airfield", "Paris-Le Bourget Airport", "Munich Airport", "Mönchengladbach Airport", "Enghien Moisselles Airfield", "Flugplatz Saarmund", "Redhill Aerodrome", "Munich Airport", "Enghien Moisselles Airfield", "Rush Green Airstrip", "Paris-Le Bourget Airport", "Paris-Le Bourget Airport", "Milano Linate Airport", "Hamburg Helmut Schmidt Airport", "Enghien Moisselles Airfield", "Paris-Le Bourget Airport", "Bracciano Air Base", "London Heathrow Airport", "Nice-Côte d'Azur Airport", "Moosburg auf der Kippe", "Paris-Le Bourget Airport", "Enghien Moisselles Airfield", "Milano Linate Airport", "Munich Airport", "Paris-Le Bourget Airport", "Enghien Moisselles Airfield", "Paris-Le Bourget Airport", "Humberto Delgado Airport (Lisbon Portela Airport)", "Paris-Le Bourget Airport", "Paris-Le Bourget Airport", "Enghien Moisselles Airfield", "Paris-Le Bourget Airport", "Václav Havel Airport Prague", "Redhill Aerodrome"]}, {"name": "Milano Linate Airport", "size": 99, "imports": ["London Heathrow Airport", "Flugplatz Saarmund", "Paris-Le Bourget Airport", "Adolfo Suárez Madrid–Barajas Airport", "Milano Linate Airport", "Toussus-le-Noble Airport", "London Gatwick Airport", "London Heathrow Airport", "Sonderlandeplatz Kremmen-Hohenbruch UL", "London Heathrow Airport", "Flugplatz Saarmund", "Redhill Aerodrome", "Mönchengladbach Airport", "London Heathrow Airport", "Redhill Aerodrome", "London Heathrow Airport", "Amsterdam Airport Schiphol", "London Heathrow Airport", "Leonardo da Vinci–Fiumicino Airport", "London Heathrow Airport", "Toussus-le-Noble Airport", "Venice Marco Polo Airport", "Paris-Le Bourget Airport", "Enghien Moisselles Airfield", "London Heathrow Airport", "London Heathrow Airport", "Paris-Le Bourget Airport", "Paris-Le Bourget Airport", "Flugplatz Saarmund", "London Heathrow Airport", "London Heathrow Airport", "Nice-Côte d'Azur Airport", "Paris-Le Bourget Airport", "London Heathrow Airport", "Leonardo da Vinci–Fiumicino Airport", "Redhill Aerodrome", "Toussus-le-Noble Airport", "London Heathrow Airport", "Paris-Le Bourget Airport", "London Heathrow Airport", "Leonardo da Vinci–Fiumicino Airport", "Paris-Le Bourget Airport", "Berlin Brandenburg Airport", "London Heathrow Airport", "Redhill Aerodrome", "Amsterdam Airport Schiphol", "Paris-Le Bourget Airport", "London Heathrow Airport", "Paris-Le Bourget Airport", "London Heathrow Airport", "Toussus-le-Noble Airport", "Paris-Le Bourget Airport", "London Heathrow Airport", "London Heathrow Airport", "Paris-Le Bourget Airport", "Redhill Aerodrome", "London Heathrow Airport", "London Heathrow Airport", "Paris-Le Bourget Airport", "Redhill Aerodrome", "Redhill Aerodrome", "Redhill Aerodrome", "Enghien Moisselles Airfield", "London Heathrow Airport", "London Gatwick Airport", "Amsterdam Airport Schiphol", "London Heathrow Airport", "Mönchengladbach Airport", "Redhill Aerodrome"]}, {"name": "London Heathrow Airport", "size": 311, "imports": ["London Heathrow Airport", "London Heathrow Airport", "London Heathrow Airport", "Zagreb Airport", "London Heathrow Airport", "Hamburg Helmut Schmidt Airport", "Adolfo Suárez Madrid–Barajas Airport", "London Heathrow Airport", "London Heathrow Airport", "Leonardo da Vinci–Fiumicino Airport", "London Heathrow Airport", "London Heathrow Airport", "London Heathrow Airport", "London Heathrow Airport", "London Heathrow Airport", "London Heathrow Airport", "London Heathrow Airport", "Vienna International Airport", "London Heathrow Airport", "Adolfo Suárez Madrid–Barajas Airport", "London Heathrow Airport", "London Heathrow Airport", "Munich Airport", "London Heathrow Airport", "London Heathrow Airport", "London Heathrow Airport", "London Heathrow Airport", "London Heathrow Airport", "Milano Linate Airport", "London Heathrow Airport", "London Heathrow Airport", "London Heathrow Airport", "London Heathrow Airport", "Václav Havel Airport Prague", "London Heathrow Airport", "London Heathrow Airport", "London Heathrow Airport", "London Heathrow Airport", "London Heathrow Airport", "Nice-Côte d'Azur Airport", "London Heathrow Airport", "London Heathrow Airport", "Hamburg Helmut Schmidt Airport", "London Heathrow Airport", "London Heathrow Airport", "London Heathrow Airport", "Cascais Airport", "London Heathrow Airport", "Aérodrome de Meaux-Esbly", "London Heathrow Airport", "London Heathrow Airport", "Zürich Airport", "London Heathrow Airport", "London Heathrow Airport", "Zürich Airport", "London Heathrow Airport", "London Heathrow Airport", "Zürich Airport"]}, {"name": "Humberto Delgado Airport (Lisbon Portela Airport)", "size": 151, "imports": ["Nice-Côte d'Azur Airport", "Geneva Cointrin International Airport", "Aeroclub Nistelrode", "Amsterdam Airport Schiphol", "Paris-Le Bourget Airport", "Aeroclub Nistelrode", "Humberto Delgado Airport (Lisbon Portela Airport)", "London Gliding Club", "EuroAirport Basel-Mulhouse-Freiburg Airport", "Adolfo Suárez Madrid–Barajas Airport", "Geneva Cointrin International Airport", "Zürich Airport", "Esslingen-Jägerhaus Airfield", "Humberto Delgado Airport (Lisbon Portela Airport)", "Paris Beauvais Tillé Airport", "Humberto Delgado Airport (Lisbon Portela Airport)", "Humberto Delgado Airport (Lisbon Portela Airport)", "Humberto Delgado Airport (Lisbon Portela Airport)", "Adolfo Suárez Madrid–Barajas Airport", "Aeroclub Nistelrode", "Zürich Airport", "Campo di Volo Palosco", "Redhill Aerodrome", "Humberto Delgado Airport (Lisbon Portela Airport)", "Humberto Delgado Airport (Lisbon Portela Airport)", "Zürich Airport", "Rush Green Airstrip", "Campo di Volo Palosco", "London Gatwick Airport", "Humberto Delgado Airport (Lisbon Portela Airport)", "Amsterdam Airport Schiphol", "Paris-Le Bourget Airport", "Paris-Le Bourget Airport", "Berlin Brandenburg Airport", "Adolfo Suárez Madrid–Barajas Airport", "London Heathrow Airport", "London Gliding Club", "Adolfo Suárez Madrid–Barajas Airport", "Rush Green Airstrip", "Humberto Delgado Airport (Lisbon Portela Airport)", "Adolfo Suárez Madrid–Barajas Airport", "Frankfurt am Main Airport", "Campo di Volo Palosco", "Melsbroek Air Base", "Aeródromo Loring", "Adolfo Suárez Madrid–Barajas Airport", "London Gatwick Airport", "Rush Green Airstrip", "Campo di Volo Palosco", "London Heathrow Airport", "Adolfo Suárez Madrid–Barajas Airport", "Zürich Airport", "Cologne Bonn Airport", "Adolfo Suárez Madrid–Barajas Airport", "Paris-Le Bourget Airport", "High Cross Airstrip", "Mönchengladbach Airport", "Paris-Le Bourget Airport", "Paris-Le Bourget Airport", "Adolfo Suárez Madrid–Barajas Airport", "Adolfo Suárez Madrid–Barajas Airport", "Eindhoven Airport", "Humberto Delgado Airport (Lisbon Portela Airport)", "Humberto Delgado Airport (Lisbon Portela Airport)", "Paris-Le Bourget Airport", "Rush Green Airstrip", "Campo di Volo Palosco", "Enghien Moisselles Airfield", "Humberto Delgado Airport (Lisbon Portela Airport)", "Humberto Delgado Airport (Lisbon Portela Airport)", "London Heathrow Airport", "Redhill Aerodrome", "Humberto Delgado Airport (Lisbon Portela Airport)", "Humberto Delgado Airport (Lisbon Portela Airport)", "Humberto Delgado Airport (Lisbon Portela Airport)", "Humberto Delgado Airport (Lisbon Portela Airport)", "London Heathrow Airport", "Eindhoven Airport", "Campo di Volo Palosco", "Flugplatz Ahrenlohe", "Humberto Delgado Airport (Lisbon Portela Airport)", "Alverca Air Base", "Ciampino–G. B. Pastine International Airport", "EuroAirport Basel-Mulhouse-Freiburg Airport", "Enghien Moisselles Airfield", "Rush Green Airstrip", "London Heathrow Airport", "Paris-Le Bourget Airport", "Eindhoven Airport", "London Gatwick Airport", "London Heathrow Airport", "Oslo Airport, Gardermoen", "Redhill Aerodrome", "Adolfo Suárez Madrid–Barajas Airport", "Paris-Le Bourget Airport", "Enghien Moisselles Airfield", "Adolfo Suárez Madrid–Barajas Airport", "Adolfo Suárez Madrid–Barajas Airport", "EuroAirport Basel-Mulhouse-Freiburg Airport", "Zürich Airport", "Melsbroek Air Base", "Berlin Brandenburg Airport", "Zürich Airport", "Humberto Delgado Airport (Lisbon Portela Airport)", "Humberto Delgado Airport (Lisbon Portela Airport)", "Leverkusen Airport", "Rush Green Airstrip"]}, {"name": "Nice-Côte d'Azur Airport", "size": 22, "imports": ["Leonardo da Vinci–Fiumicino Airport", "London Heathrow Airport", "Zürich Airport", "Nice-Côte d'Azur Airport", "London Heathrow Airport"]}, {"name": "Paris-Le Bourget Airport", "size": 431, "imports": ["Enghien Moisselles Airfield", "Aérodrome de Meaux-Esbly", "Enghien Moisselles Airfield", "Enghien Moisselles Airfield", "Paris-Le Bourget Airport", "Vienna International Airport", "Munich Airport", "Paris-Le Bourget Airport", "Rush Green Airstrip", "Redhill Aerodrome", "Berlin Brandenburg Airport", "Enghien Moisselles Airfield", "Paris-Le Bourget Airport", "Humberto Delgado Airport (Lisbon Portela Airport)", "Paris-Le Bourget Airport", "Milano Linate Airport", "Enghien Moisselles Airfield", "Enghien Moisselles Airfield", "Paris-Le Bourget Airport", "Paris-Le Bourget Airport", "Paris-Le Bourget Airport", "Paris-Le Bourget Airport", "Paris-Le Bourget Airport", "Alverca Air Base", "Paris-Le Bourget Airport", "Enghien Moisselles Airfield", "Paris-Le Bourget Airport", "Paris-Le Bourget Airport", "Berlin Brandenburg Airport", "Paris-Le Bourget Airport", "Paris-Le Bourget Airport", "Paris-Le Bourget Airport", "Paris-Le Bourget Airport", "Paris-Le Bourget Airport", "Redhill Aerodrome", "Enghien Moisselles Airfield", "Paris-Le Bourget Airport", "Paris-Le Bourget Airport", "Paris-Le Bourget Airport", "Paris-Le Bourget Airport", "Paris-Le Bourget Airport", "Redhill Aerodrome", "Aérodrome de Meaux-Esbly", "Paris-Le Bourget Airport", "Paris-Le Bourget Airport", "Redhill Aerodrome", "Paris-Le Bourget Airport", "Paris-Le Bourget Airport", "Paris-Le Bourget Airport", "Paris-Le Bourget Airport", "Milano Linate Airport", "Paris-Le Bourget Airport", "London Heathrow Airport", "Enghien Moisselles Airfield", "Paris-Le Bourget Airport", "Paris-Le Bourget Airport", "Munich Airport", "Paris-Le Bourget Airport", "White Waltham Airfield", "Paris-Le Bourget Airport", "EuroAirport Basel-Mulhouse-Freiburg Airport", "Paris-Le Bourget Airport", "Humberto Delgado Airport (Lisbon Portela Airport)", "Enghien Moisselles Airfield", "Enghien Moisselles Airfield", "Václav Havel Airport Prague", "Flugplatz Saarmund", "Paris-Le Bourget Airport", "Villacoublay-Vélizy (BA 107) Air Base", "Venice Marco Polo Airport", "Esslingen-Jägerhaus Airfield", "London Heathrow Airport", "Paris-Le Bourget Airport", "Venice Marco Polo Airport", "Paris-Le Bourget Airport", "Venice Marco Polo Airport", "Paris-Le Bourget Airport", "Aérodrome de Meaux-Esbly", "Paris-Le Bourget Airport", "Humberto Delgado Airport (Lisbon Portela Airport)", "Enghien Moisselles Airfield", "Paris-Le Bourget Airport", "Adolfo Suárez Madrid–Barajas Airport", "Paris-Le Bourget Airport", "London Heathrow Airport", "Enghien Moisselles Airfield", "Humberto Delgado Airport (Lisbon Portela Airport)", "Venice Marco Polo Airport", "Enghien Moisselles Airfield", "Enghien Moisselles Airfield", "Paris-Le Bourget Airport", "Paris-Le Bourget Airport", "Enghien Moisselles Airfield", "London Heathrow Airport", "Paris-Le Bourget Airport", "Paris-Le Bourget Airport", "Munich Airport", "Paris-Le Bourget Airport", "Humberto Delgado Airport (Lisbon Portela Airport)", "Amsterdam Airport Schiphol", "Paris-Le Bourget Airport", "Paris-Le Bourget Airport", "Paris-Le Bourget Airport", "Milano Linate Airport", "Paris-Le Bourget Airport", "Enghien Moisselles Airfield", "Paris-Le Bourget Airport", "Paris-Le Bourget Airport", "Paris-Le Bourget Airport", "Enghien Moisselles Airfield", "London Heathrow Airport", "Enghien Moisselles Airfield", "Berlin Brandenburg Airport", "Nice-Côte d'Azur Airport", "Amsterdam Airport Schiphol", "Václav Havel Airport Prague", "Enghien Moisselles Airfield", "Enghien Moisselles Airfield", "Stuttgart Airport", "Enghien Moisselles Airfield", "Enghien Moisselles Airfield", "Bericote Farm Airstrip", "Milano Linate Airport", "EuroAirport Basel-Mulhouse-Freiburg Airport", "Paris-Le Bourget Airport", "Paris-Le Bourget Airport", "Cologne Bonn Airport", "London Gatwick Airport", "London Gatwick Airport", "Enghien Moisselles Airfield", "Aeródromo Loring", "Paris-Le Bourget Airport", "Paris-Le Bourget Airport", "London Gatwick Airport", "Enghien Moisselles Airfield", "Zürich Airport", "Paris-Le Bourget Airport", "Venice Marco Polo Airport", "Paris-Le Bourget Airport", "Paris-Le Bourget Airport", "Paris-Le Bourget Airport", "Paris-Le Bourget Airport", "Rush Green Airstrip", "Toussus-le-Noble Airport", "Paris-Le Bourget Airport", "Paris-Le Bourget Airport", "Enghien Moisselles Airfield", "Paris-Le Bourget Airport", "Cameri Air Base [MIL]", "Paris-Le Bourget Airport", "Adolfo Suárez Madrid–Barajas Airport", "Paris-Le Bourget Airport", "Venice Marco Polo Airport", "Flugplatz Saarmund", "Paris-Le Bourget Airport", "Paris-Le Bourget Airport", "Paris-Le Bourget Airport", "Guglielmo Zamboni", "Paris-Le Bourget Airport", "Paris-Le Bourget Airport", "Paris-Le Bourget Airport", "Flugplatz Ahrenlohe", "Paris-Le Bourget Airport", "London Heathrow Airport", "London Gatwick Airport", "Enghien Moisselles Airfield", "Paris-Le Bourget Airport", "Paris-Le Bourget Airport", "Enghien Moisselles Airfield", "Paris-Le Bourget Airport", "Hamburg Helmut Schmidt Airport", "London Heathrow Airport", "Munich Airport", "Hamburg Helmut Schmidt Airport", "Paris-Le Bourget Airport", "Paris-Le Bourget Airport", "Paris-Le Bourget Airport", "Enghien Moisselles Airfield", "Paris-Le Bourget Airport", "Cologne Bonn Airport", "Paris-Le Bourget Airport", "Paris-Le Bourget Airport", "Paris-Le Bourget Airport", "Milano Linate Airport", "Paris-Le Bourget Airport", "Enghien Moisselles Airfield", "Paris-Le Bourget Airport", "EuroAirport Basel-Mulhouse-Freiburg Airport", "Paris-Le Bourget Airport", "Paris-Le Bourget Airport", "Paris-Le Bourget Airport", "Paris-Le Bourget Airport", "Humberto Delgado Airport (Lisbon Portela Airport)", "Venice Marco Polo Airport", "Paris-Le Bourget Airport", "Paris-Le Bourget Airport", "Paris-Le Bourget Airport", "Enghien Moisselles Airfield", "London Heathrow Airport", "Paris-Le Bourget Airport", "Hamburg Helmut Schmidt Airport", "Alverca Air Base", "Rush Green Airstrip", "London Heathrow Airport", "Paris-Le Bourget Airport", "London Heathrow Airport", "Enghien Moisselles Airfield", "Humberto Delgado Airport (Lisbon Portela Airport)", "Enghien Moisselles Airfield", "Amsterdam Airport Schiphol", "Enghien Moisselles Airfield", "Paris-Le Bourget Airport", "Zagreb Airport", "Zürich Airport", "Paris-Le Bourget Airport", "Paris-Le Bourget Airport", "Flugplatz Saarmund", "Paris-Le Bourget Airport", "London Heathrow Airport", "Enghien Moisselles Airfield", "Enghien Moisselles Airfield", "Paris-Le Bourget Airport", "Paris-Le Bourget Airport", "Paris-Le Bourget Airport", "Zürich Airport"]}, {"name": "Hamburg Helmut Schmidt Airport", "size": 222, "imports": ["Adolfo Suárez Madrid–Barajas Airport", "Redhill Aerodrome", "London Heathrow Airport", "Hamburg Helmut Schmidt Airport", "Zürich Airport", "Boberg Airfield", "Flugplatz Hartenholm", "Zürich Airport", "London Heathrow Airport", "Vienna International Airport", "Flugplatz Ahrenlohe", "Mönchengladbach Airport", "Cologne Bonn Airport", "Hamburg Helmut Schmidt Airport", "Hamburg Helmut Schmidt Airport", "Hamburg Helmut Schmidt Airport", "Boberg Airfield", "Flugplatz Ahrenlohe", "Hamburg Helmut Schmidt Airport", "Saarbrücken Airport", "Hamburg Helmut Schmidt Airport", "Boberg Airfield", "Hamburg Helmut Schmidt Airport", "Cameri Air Base [MIL]", "Saarbrücken Airport", "Hamburg Helmut Schmidt Airport", "Mönchengladbach Airport", "Humberto Delgado Airport (Lisbon Portela Airport)", "London Heathrow Airport", "Wunstorf Air Base", "Hamburg Helmut Schmidt Airport", "Flugplatz Ahrenlohe", "Hamburg Helmut Schmidt Airport", "Zürich Airport", "London Heathrow Airport", "Rush Green Airstrip", "Hamburg Helmut Schmidt Airport", "Munich Airport", "Cologne Bonn Airport", "Nice-Côte d'Azur Airport", "Hamburg Helmut Schmidt Airport", "Rush Green Airstrip", "Munich Airport", "Flugplatz Ahrenlohe", "Rush Green Airstrip", "Stuttgart Airport", "Flugplatz Ahrenlohe", "Zürich Airport", "Hamburg Helmut Schmidt Airport", "Zürich Airport", "Mönchengladbach Airport", "Esslingen-Jägerhaus Airfield", "London Heathrow Airport", "Enghien Moisselles Airfield", "Hamburg Helmut Schmidt Airport", "London Gatwick Airport", "London Heathrow Airport", "Alverca Air Base", "Boberg Airfield", "Hamburg Helmut Schmidt Airport", "Enghien Moisselles Airfield", "Venice Marco Polo Airport", "Hamburg Helmut Schmidt Airport", "Hamburg Helmut Schmidt Airport", "Boberg Airfield", "Hamburg Helmut Schmidt Airport", "Enghien Moisselles Airfield", "London Heathrow Airport", "Amsterdam Airport Schiphol", "Boberg Airfield", "London Heathrow Airport", "London Heathrow Airport", "Boberg Airfield", "Hamburg Helmut Schmidt Airport", "Boberg Airfield", "London Heathrow Airport", "Namur-Suarlée Airfield", "Zürich Airport", "Hamburg Helmut Schmidt Airport", "London Heathrow Airport", "Hamburg Helmut Schmidt Airport", "Adolfo Suárez Madrid–Barajas Airport", "Boberg Airfield", "Flugplatz Ahrenlohe", "Boberg Airfield", "Flugplatz Ahrenlohe", "Adolfo Suárez Madrid–Barajas Airport", "Paris Beauvais Tillé Airport", "London Gatwick Airport", "Boberg Airfield", "Flugplatz Ahrenlohe", "Hamburg Helmut Schmidt Airport", "Hamburg Helmut Schmidt Airport", "London Heathrow Airport", "Boberg Airfield", "Redhill Aerodrome", "Hamburg Helmut Schmidt Airport", "London Heathrow Airport", "Flugplatz Ahrenlohe", "London Heathrow Airport", "Leonardo da Vinci–Fiumicino Airport", "Flugplatz Ahrenlohe", "Zürich Airport", "Leonardo da Vinci–Fiumicino Airport", "Boberg Airfield", "Esslingen-Jägerhaus Airfield", "Adolfo Suárez Madrid–Barajas Airport", "London Heathrow Airport", "Enghien Moisselles Airfield", "Munich Airport", "London Heathrow Airport", "Zürich Airport", "London Heathrow Airport", "Enghien Moisselles Airfield", "Zürich Airport", "London Heathrow Airport", "Boberg Airfield", "Hamburg Helmut Schmidt Airport", "Flugplatz Ahrenlohe", "Nice-Côte d'Azur Airport", "Mönchengladbach Airport", "Cologne Bonn Airport", "Munich Airport", "Dresden Airport", "Boberg Airfield", "Zürich Airport", "Flugplatz Ahrenlohe", "Hamburg Helmut Schmidt Airport", "Munich Airport", "Esslingen-Jägerhaus Airfield", "Enghien Moisselles Airfield", "Mönchengladbach Airport", "Boberg Airfield", "Boberg Airfield", "Toussus-le-Noble Airport", "Esslingen-Jägerhaus Airfield", "Cologne Bonn Airport", "Boberg Airfield", "Zürich Airport", "Zürich Airport", "Munich Airport", "Hamburg Helmut Schmidt Airport", "Zürich Airport", "Boberg Airfield", "Hamburg Helmut Schmidt Airport", "Cologne Bonn Airport", "Munich Airport", "Frankfurt am Main Airport", "Melsbroek Air Base", "Cologne Bonn Airport", "London Heathrow Airport", "Enghien Moisselles Airfield", "Adolfo Suárez Madrid–Barajas Airport", "Aviosuperficie dei Navigli", "Flugplatz Ahrenlohe", "Leverkusen Airport", "Hamburg Helmut Schmidt Airport"]}, {"name": "Adolfo Suárez Madrid–Barajas Airport", "size": 732, "imports": ["Adolfo Suárez Madrid–Barajas Airport", "Adolfo Suárez Madrid–Barajas Airport", "Redhill Aerodrome", "London Gatwick Airport", "London Heathrow Airport", "Toussus-le-Noble Airport", "Adolfo Suárez Madrid–Barajas Airport", "Flugplatz Saarmund", "Adolfo Suárez Madrid–Barajas Airport", "London Heathrow Airport", "Adolfo Suárez Madrid–Barajas Airport", "Campo di Volo Palosco", "Redhill Aerodrome", "Adolfo Suárez Madrid–Barajas Airport", "Adolfo Suárez Madrid–Barajas Airport", "Aeródromo Loring", "Adolfo Suárez Madrid–Barajas Airport", "Adolfo Suárez Madrid–Barajas Airport", "Adolfo Suárez Madrid–Barajas Airport", "Humberto Delgado Airport (Lisbon Portela Airport)", "Venice Marco Polo Airport", "Adolfo Suárez Madrid–Barajas Airport", "Aeródromo Loring", "Adolfo Suárez Madrid–Barajas Airport", "Milano Linate Airport", "Rush Green Airstrip", "Adolfo Suárez Madrid–Barajas Airport", "London Heathrow Airport", "London Heathrow Airport", "London Heathrow Airport", "London Heathrow Airport", "Ciampino–G. B. Pastine International Airport", "Hunsdon Airfield", "Hamburg Helmut Schmidt Airport", "Adolfo Suárez Madrid–Barajas Airport", "Zürich Airport", "Adolfo Suárez Madrid–Barajas Airport", "Paris-Le Bourget Airport", "Zürich Airport", "Adolfo Suárez Madrid–Barajas Airport", "Adolfo Suárez Madrid–Barajas Airport", "Adolfo Suárez Madrid–Barajas Airport", "Adolfo Suárez Madrid–Barajas Airport", "London Heathrow Airport", "Flugplatz Saarmund", "Humberto Delgado Airport (Lisbon Portela Airport)", "Adolfo Suárez Madrid–Barajas Airport", "Hunsdon Airfield", "Adolfo Suárez Madrid–Barajas Airport", "High Cross Airstrip", "Milano Linate Airport", "Hamburg Helmut Schmidt Airport", "Milano Linate Airport", "Rush Green Airstrip", "Paris-Le Bourget Airport", "Adolfo Suárez Madrid–Barajas Airport", "Adolfo Suárez Madrid–Barajas Airport", "Adolfo Suárez Madrid–Barajas Airport", "Adolfo Suárez Madrid–Barajas Airport", "Redhill Aerodrome", "Adolfo Suárez Madrid–Barajas Airport", "Adolfo Suárez Madrid–Barajas Airport", "London Gatwick Airport", "Adolfo Suárez Madrid–Barajas Airport", "Adolfo Suárez Madrid–Barajas Airport", "Paris-Le Bourget Airport", "Campo di Volo Palosco", "Adolfo Suárez Madrid–Barajas Airport", "Hunsdon Airfield", "Adolfo Suárez Madrid–Barajas Airport", "Adolfo Suárez Madrid–Barajas Airport", "Redhill Aerodrome", "Adolfo Suárez Madrid–Barajas Airport", "Aeródromo Loring", "Adolfo Suárez Madrid–Barajas Airport", "Adolfo Suárez Madrid–Barajas Airport", "Rush Green Airstrip", "Adolfo Suárez Madrid–Barajas Airport", "Amsterdam Airport Schiphol", "Campo di Volo Palosco", "Paris-Le Bourget Airport", "Paris Beauvais Tillé Airport", "Zürich Airport", "Adolfo Suárez Madrid–Barajas Airport", "Adolfo Suárez Madrid–Barajas Airport", "Adolfo Suárez Madrid–Barajas Airport", "Hunsdon Airfield", "Adolfo Suárez Madrid–Barajas Airport", "London Heathrow Airport", "Redhill Aerodrome", "High Cross Airstrip", "Aeroclub Nistelrode", "Adolfo Suárez Madrid–Barajas Airport", "Aeródromo Loring", "Aeródromo Loring", "Enghien Moisselles Airfield", "Aeródromo Loring", "Paris Beauvais Tillé Airport", "Adolfo Suárez Madrid–Barajas Airport", "Adolfo Suárez Madrid–Barajas Airport", "Adolfo Suárez Madrid–Barajas Airport", "Alverca Air Base", "Munich Airport", "Humberto Delgado Airport (Lisbon Portela Airport)", "Adolfo Suárez Madrid–Barajas Airport", "Adolfo Suárez Madrid–Barajas Airport", "Aeródromo Loring", "Adolfo Suárez Madrid–Barajas Airport", "Adolfo Suárez Madrid–Barajas Airport", "Adolfo Suárez Madrid–Barajas Airport", "Toussus-le-Noble Airport", "London Gatwick Airport", "Aeródromo Loring", "Adolfo Suárez Madrid–Barajas Airport", "Redhill Aerodrome", "Adolfo Suárez Madrid–Barajas Airport", "London Gatwick Airport", "Adolfo Suárez Madrid–Barajas Airport", "Adolfo Suárez Madrid–Barajas Airport", "Adolfo Suárez Madrid–Barajas Airport", "Adolfo Suárez Madrid–Barajas Airport", "Adolfo Suárez Madrid–Barajas Airport", "Villacoublay-Vélizy (BA 107) Air Base", "Zürich Airport", "Adolfo Suárez Madrid–Barajas Airport", "Aeródromo Loring", "Adolfo Suárez Madrid–Barajas Airport", "Aérodrome de Persan-Beaumont", "Paris-Le Bourget Airport", "Adolfo Suárez Madrid–Barajas Airport", "Adolfo Suárez Madrid–Barajas Airport", "Bericote Farm Airstrip", "Adolfo Suárez Madrid–Barajas Airport", "Adolfo Suárez Madrid–Barajas Airport", "Leonardo da Vinci–Fiumicino Airport", "Adolfo Suárez Madrid–Barajas Airport", "Boberg Airfield", "Adolfo Suárez Madrid–Barajas Airport", "Adolfo Suárez Madrid–Barajas Airport", "Leonardo da Vinci–Fiumicino Airport", "Aeródromo Loring", "London Heathrow Airport", "London Heathrow Airport", "Adolfo Suárez Madrid–Barajas Airport", "Melsbroek Air Base", "London Heathrow Airport", "Campo di Volo Palosco", "London Heathrow Airport", "Adolfo Suárez Madrid–Barajas Airport", "London Heathrow Airport", "Melsbroek Air Base", "Zürich Airport", "Leonardo da Vinci–Fiumicino Airport", "Adolfo Suárez Madrid–Barajas Airport", "Campo di Volo Palosco", "London Heathrow Airport", "Ajaccio-Napoléon Bonaparte Airport", "Adolfo Suárez Madrid–Barajas Airport", "Adolfo Suárez Madrid–Barajas Airport", "Adolfo Suárez Madrid–Barajas Airport", "Adolfo Suárez Madrid–Barajas Airport", "Adolfo Suárez Madrid–Barajas Airport", "Adolfo Suárez Madrid–Barajas Airport", "Adolfo Suárez Madrid–Barajas Airport", "Adolfo Suárez Madrid–Barajas Airport", "Adolfo Suárez Madrid–Barajas Airport", "Adolfo Suárez Madrid–Barajas Airport", "Flugplatz Saarmund", "Redhill Aerodrome", "London Heathrow Airport", "Aeródromo Loring", "Adolfo Suárez Madrid–Barajas Airport", "Adolfo Suárez Madrid–Barajas Airport", "Adolfo Suárez Madrid–Barajas Airport", "Adolfo Suárez Madrid–Barajas Airport", "Adolfo Suárez Madrid–Barajas Airport", "Adolfo Suárez Madrid–Barajas Airport", "Ciampino–G. B. Pastine International Airport", "Amsterdam Airport Schiphol", "Adolfo Suárez Madrid–Barajas Airport", "Adolfo Suárez Madrid–Barajas Airport", "Adolfo Suárez Madrid–Barajas Airport", "Toussus-le-Noble Airport", "Brussels South Charleroi Airport", "Zürich Airport", "Adolfo Suárez Madrid–Barajas Airport", "Ciampino–G. B. Pastine International Airport", "London Heathrow Airport", "Adolfo Suárez Madrid–Barajas Airport", "Eindhoven Airport", "Flugplatz Saarmund", "Enghien Moisselles Airfield", "Leonardo da Vinci–Fiumicino Airport", "Adolfo Suárez Madrid–Barajas Airport", "Aeródromo Loring", "Melsbroek Air Base", "Paris-Le Bourget Airport", "Adolfo Suárez Madrid–Barajas Airport", "Adolfo Suárez Madrid–Barajas Airport", "Venice Marco Polo Airport", "Adolfo Suárez Madrid–Barajas Airport", "Adolfo Suárez Madrid–Barajas Airport", "Leonardo da Vinci–Fiumicino Airport", "Adolfo Suárez Madrid–Barajas Airport", "Adolfo Suárez Madrid–Barajas Airport", "Adolfo Suárez Madrid–Barajas Airport", "Adolfo Suárez Madrid–Barajas Airport", "Brussels Airport", "Aeródromo Loring", "Mönchengladbach Airport", "Adolfo Suárez Madrid–Barajas Airport", "Adolfo Suárez Madrid–Barajas Airport", "Madrid–Torrejón Airport / Torrejón Air Base", "Adolfo Suárez Madrid–Barajas Airport", "Adolfo Suárez Madrid–Barajas Airport", "London Heathrow Airport", "Aeródromo Loring", "Adolfo Suárez Madrid–Barajas Airport", "Adolfo Suárez Madrid–Barajas Airport", "Adolfo Suárez Madrid–Barajas Airport", "Adolfo Suárez Madrid–Barajas Airport", "Redhill Aerodrome", "Adolfo Suárez Madrid–Barajas Airport", "Adolfo Suárez Madrid–Barajas Airport", "Cologne Bonn Airport", "Adolfo Suárez Madrid–Barajas Airport", "Adolfo Suárez Madrid–Barajas Airport", "Frankfurt am Main Airport", "Adolfo Suárez Madrid–Barajas Airport", "Adolfo Suárez Madrid–Barajas Airport", "Václav Havel Airport Prague", "Václav Havel Airport Prague", "London Heathrow Airport", "London Heathrow Airport", "Adolfo Suárez Madrid–Barajas Airport", "Adolfo Suárez Madrid–Barajas Airport", "Adolfo Suárez Madrid–Barajas Airport", "London Heathrow Airport", "Memmingen Allgau Airport", "Adolfo Suárez Madrid–Barajas Airport", "Humberto Delgado Airport (Lisbon Portela Airport)", "Adolfo Suárez Madrid–Barajas Airport", "Aeródromo Loring", "Humberto Delgado Airport (Lisbon Portela Airport)", "Adolfo Suárez Madrid–Barajas Airport", "Adolfo Suárez Madrid–Barajas Airport", "Adolfo Suárez Madrid–Barajas Airport", "Adolfo Suárez Madrid–Barajas Airport", "Adolfo Suárez Madrid–Barajas Airport", "Adolfo Suárez Madrid–Barajas Airport", "Paris-Le Bourget Airport", "Adolfo Suárez Madrid–Barajas Airport", "Mönchengladbach Airport", "Hamburg Helmut Schmidt Airport", "Adolfo Suárez Madrid–Barajas Airport", "Paris Beauvais Tillé Airport", "Redhill Aerodrome", "Zürich Airport", "London Heathrow Airport", "Adolfo Suárez Madrid–Barajas Airport", "Paris-Le Bourget Airport", "Adolfo Suárez Madrid–Barajas Airport", "Adolfo Suárez Madrid–Barajas Airport", "Adolfo Suárez Madrid–Barajas Airport", "London Heathrow Airport", "Adolfo Suárez Madrid–Barajas Airport", "Zürich Airport", "Adolfo Suárez Madrid–Barajas Airport", "Zürich Airport", "London Heathrow Airport", "London Heathrow Airport", "Adolfo Suárez Madrid–Barajas Airport", "London Heathrow Airport", "London Heathrow Airport", "Bericote Farm Airstrip", "Adolfo Suárez Madrid–Barajas Airport", "Humberto Delgado Airport (Lisbon Portela Airport)", "Adolfo Suárez Madrid–Barajas Airport", "Václav Havel Airport Prague", "Adolfo Suárez Madrid–Barajas Airport", "Adolfo Suárez Madrid–Barajas Airport", "Adolfo Suárez Madrid–Barajas Airport", "Adolfo Suárez Madrid–Barajas Airport", "Adolfo Suárez Madrid–Barajas Airport", "Memmingen Allgau Airport", "Zürich Airport", "Adolfo Suárez Madrid–Barajas Airport", "Adolfo Suárez Madrid–Barajas Airport", "Adolfo Suárez Madrid–Barajas Airport", "Václav Havel Airport Prague", "Melsbroek Air Base", "London Heathrow Airport", "Campo di Volo Palosco", "Aeródromo Loring", "Milano Linate Airport", "Adolfo Suárez Madrid–Barajas Airport", "Paris-Le Bourget Airport", "Adolfo Suárez Madrid–Barajas Airport", "Adolfo Suárez Madrid–Barajas Airport", "Aeródromo Loring", "Adolfo Suárez Madrid–Barajas Airport", "Adolfo Suárez Madrid–Barajas Airport", "Milano Linate Airport", "Brussels Airport", "Adolfo Suárez Madrid–Barajas Airport", "Adolfo Suárez Madrid–Barajas Airport", "Aeródromo Loring", "Adolfo Suárez Madrid–Barajas Airport", "London Heathrow Airport", "Adolfo Suárez Madrid–Barajas Airport", "Adolfo Suárez Madrid–Barajas Airport", "Adolfo Suárez Madrid–Barajas Airport", "Zürich Airport", "Toussus-le-Noble Airport", "Adolfo Suárez Madrid–Barajas Airport", "London Heathrow Airport", "Venice Marco Polo Airport", "Adolfo Suárez Madrid–Barajas Airport", "Adolfo Suárez Madrid–Barajas Airport", "Paris-Le Bourget Airport", "Cologne Bonn Airport", "Adolfo Suárez Madrid–Barajas Airport", "Rush Green Airstrip", "Adolfo Suárez Madrid–Barajas Airport", "Adolfo Suárez Madrid–Barajas Airport", "Cologne Bonn Airport", "London Heathrow Airport", "Campo di Volo Palosco", "Adolfo Suárez Madrid–Barajas Airport", "Adolfo Suárez Madrid–Barajas Airport", "Cologne Bonn Airport", "Adolfo Suárez Madrid–Barajas Airport", "Adolfo Suárez Madrid–Barajas Airport", "Adolfo Suárez Madrid–Barajas Airport", "Adolfo Suárez Madrid–Barajas Airport", "Aeródromo Loring", "Adolfo Suárez Madrid–Barajas Airport", "London Heathrow Airport", "Adolfo Suárez Madrid–Barajas Airport", "Flugplatz Saarmund", "Berlin Brandenburg Airport", "Villacoublay-Vélizy (BA 107) Air Base", "Adolfo Suárez Madrid–Barajas Airport", "London Heathrow Airport", "Adolfo Suárez Madrid–Barajas Airport", "Vienna International Airport", "Adolfo Suárez Madrid–Barajas Airport", "Eindhoven Airport", "Adolfo Suárez Madrid–Barajas Airport", "Adolfo Suárez Madrid–Barajas Airport", "Namur-Suarlée Airfield", "Rush Green Airstrip", "Adolfo Suárez Madrid–Barajas Airport", "Campo di Volo Palosco", "Adolfo Suárez Madrid–Barajas Airport", "Adolfo Suárez Madrid–Barajas Airport", "Adolfo Suárez Madrid–Barajas Airport", "Redhill Aerodrome", "London Heathrow Airport", "Adolfo Suárez Madrid–Barajas Airport", "Adolfo Suárez Madrid–Barajas Airport", "Adolfo Suárez Madrid–Barajas Airport", "Zürich Airport", "London Heathrow Airport", "Adolfo Suárez Madrid–Barajas Airport", "Vienna International Airport", "Paris-Le Bourget Airport", "Cologne Bonn Airport", "Aeródromo Loring", "Adolfo Suárez Madrid–Barajas Airport", "Munich Airport", "Adolfo Suárez Madrid–Barajas Airport", "Adolfo Suárez Madrid–Barajas Airport", "Adolfo Suárez Madrid–Barajas Airport", "Adolfo Suárez Madrid–Barajas Airport", "Madrid–Torrejón Airport / Torrejón Air Base", "Leonardo da Vinci–Fiumicino Airport", "London Heathrow Airport", "Zürich Airport", "Aeródromo Loring", "Adolfo Suárez Madrid–Barajas Airport", "Aérodrome de Meaux-Esbly", "London Gatwick Airport", "Adolfo Suárez Madrid–Barajas Airport", "Adolfo Suárez Madrid–Barajas Airport", "Campo di Volo Palosco", "Adolfo Suárez Madrid–Barajas Airport", "Toussus-le-Noble Airport", "Aeródromo Loring", "London Gatwick Airport", "Amsterdam Airport Schiphol", "Paris-Le Bourget Airport", "Toussus-le-Noble Airport", "Aeródromo Loring", "Adolfo Suárez Madrid–Barajas Airport", "Aeródromo Loring", "Adolfo Suárez Madrid–Barajas Airport", "Adolfo Suárez Madrid–Barajas Airport", "Adolfo Suárez Madrid–Barajas Airport", "Aeródromo Loring", "Adolfo Suárez Madrid–Barajas Airport", "Aeródromo Loring", "Adolfo Suárez Madrid–Barajas Airport", "Adolfo Suárez Madrid–Barajas Airport", "Mönchengladbach Airport", "Adolfo Suárez Madrid–Barajas Airport", "Adolfo Suárez Madrid–Barajas Airport", "Cologne Bonn Airport", "Flugplatz Weser-Wümme", "London Heathrow Airport", "Adolfo Suárez Madrid–Barajas Airport", "Adolfo Suárez Madrid–Barajas Airport", "Adolfo Suárez Madrid–Barajas Airport", "Munich Airport", "Namur-Suarlée Airfield", "Amsterdam Airport Schiphol", "Aeródromo Loring", "Adolfo Suárez Madrid–Barajas Airport", "Alverca Air Base", "Adolfo Suárez Madrid–Barajas Airport", "Cologne Bonn Airport", "Adolfo Suárez Madrid–Barajas Airport", "Adolfo Suárez Madrid–Barajas Airport", "Villacoublay-Vélizy (BA 107) Air Base", "Namur-Suarlée Airfield", "Flugplatz Saarmund", "London Heathrow Airport", "Adolfo Suárez Madrid–Barajas Airport", "Redhill Aerodrome", "Adolfo Suárez Madrid–Barajas Airport", "London Heathrow Airport", "Adolfo Suárez Madrid–Barajas Airport", "Adolfo Suárez Madrid–Barajas Airport", "London Heathrow Airport", "Campo di Volo Palosco", "Zürich Airport", "Adolfo Suárez Madrid–Barajas Airport", "Aeródromo Loring", "London Heathrow Airport", "Adolfo Suárez Madrid–Barajas Airport", "Adolfo Suárez Madrid–Barajas Airport"]}, {"name": "Redhill Aerodrome", "size": 246, "imports": ["Redhill Aerodrome", "Redhill Aerodrome", "Nice-Côte d'Azur Airport", "Venice Marco Polo Airport", "Redhill Aerodrome", "Redhill Aerodrome", "Redhill Aerodrome", "London Gatwick Airport", "London Gatwick Airport", "Redhill Aerodrome", "Redhill Aerodrome", "Redhill Aerodrome", "Humberto Delgado Airport (Lisbon Portela Airport)", "Hunsdon Airfield", "Redhill Aerodrome", "Redhill Aerodrome", "Adolfo Suárez Madrid–Barajas Airport", "Redhill Aerodrome", "Redhill Aerodrome", "Redhill Aerodrome", "Redhill Aerodrome", "EuroAirport Basel-Mulhouse-Freiburg Airport", "Venice Marco Polo Airport", "Redhill Aerodrome", "London Gatwick Airport", "Redhill Aerodrome", "Redhill Aerodrome", "Redhill Aerodrome", "Redhill Aerodrome", "London Heathrow Airport", "London Gatwick Airport", "Rush Green Airstrip", "Redhill Aerodrome", "Redhill Aerodrome", "Milano Linate Airport", "Venice Marco Polo Airport", "Redhill Aerodrome", "Redhill Aerodrome", "Redhill Aerodrome", "Venice Marco Polo Airport", "Redhill Aerodrome", "Adolfo Suárez Madrid–Barajas Airport", "Redhill Aerodrome", "Redhill Aerodrome", "Redhill Aerodrome", "Adolfo Suárez Madrid–Barajas Airport", "Humberto Delgado Airport (Lisbon Portela Airport)", "London Gatwick Airport", "Namur-Suarlée Airfield", "Redhill Aerodrome", "Enghien Moisselles Airfield", "Zürich Airport", "Redhill Aerodrome", "Redhill Aerodrome", "Redhill Aerodrome", "Redhill Aerodrome", "Venice Marco Polo Airport", "Redhill Aerodrome", "London Heathrow Airport", "Redhill Aerodrome", "Paris-Le Bourget Airport", "Redhill Aerodrome", "Leonardo da Vinci–Fiumicino Airport", "Berlin Brandenburg Airport", "Redhill Aerodrome", "Redhill Aerodrome", "Redhill Aerodrome", "Redhill Aerodrome", "Milano Linate Airport"]}, {"name": "Milan Bergamo Airport", "size": 22, "imports": ["Campo di Volo Palosco", "Campo di Volo Palosco", "Hunsdon Airfield", "Cologne Bonn Airport", "Campo di Volo Palosco", "Campo di Volo Palosco", "Campo di Volo Palosco", "Campo di Volo Palosco", "Berlin Brandenburg Airport", "Campo di Volo Palosco", "Campo di Volo Palosco", "Campo di Volo Palosco", "Campo di Volo Palosco", "Cologne Bonn Airport", "Campo di Volo Palosco", "Adolfo Suárez Madrid–Barajas Airport", "Campo di Volo Palosco", "Campo di Volo Palosco", "Campo di Volo Palosco", "Campo di Volo Palosco", "Adolfo Suárez Madrid–Barajas Airport", "Campo di Volo Palosco"]}, {"name": "Campo di Volo Palosco", "size": 116, "imports": ["Campo di Volo Palosco", "Campo di Volo Palosco", "Campo di Volo Palosco", "Campo di Volo Palosco", "Balen-Keiheuvel Airfield", "Campo di Volo Palosco", "Treviso-Sant'Angelo Airport", "Campo di Volo Palosco", "Campo di Volo Palosco", "Campo di Volo Palosco", "Campo di Volo Palosco", "Brussels South Charleroi Airport", "Campo di Volo Palosco", "Namur-Suarlée Airfield", "Leonardo da Vinci–Fiumicino Airport", "Campo di Volo Palosco", "Campo di Volo Palosco", "Campo di Volo Palosco", "Campo di Volo Palosco", "Campo di Volo Palosco", "Adolfo Suárez Madrid–Barajas Airport", "Campo di Volo Palosco", "Balen-Keiheuvel Airfield", "High Cross Airstrip", "High Cross Airstrip", "Cologne Bonn Airport", "Berlin Brandenburg Airport", "Campo di Volo Palosco", "Campo di Volo Palosco", "Paris Beauvais Tillé Airport", "Paris Beauvais Tillé Airport"]}, {"name": "Geneva Cointrin International Airport", "size": 6, "imports": ["Redhill Aerodrome"]}, {"name": "Aérodrome de Meaux-Esbly", "size": 9, "imports": ["London Heathrow Airport", "Paris-Le Bourget Airport", "Brest Bretagne Airport", "Hamburg Helmut Schmidt Airport"]}, {"name": "Campo di Volo Vallermosa", "size": 1, "imports": ["Redhill Aerodrome"]}, {"name": "Boberg Airfield", "size": 51, "imports": ["Boberg Airfield", "Cologne Bonn Airport", "Stuttgart Airport", "Hamburg Helmut Schmidt Airport", "London Heathrow Airport", "Hunsdon Airfield", "Leonardo da Vinci–Fiumicino Airport", "London Heathrow Airport", "Oslo Airport, Gardermoen", "Boberg Airfield", "London Heathrow Airport", "Boberg Airfield"]}, {"name": "Hannover Airport", "size": 4, "imports": ["Flugplatz Ahrenlohe", "Boberg Airfield", "Hamburg Helmut Schmidt Airport", "London Heathrow Airport"]}, {"name": "Flugplatz Ahrenlohe", "size": 23, "imports": ["Flugplatz Ahrenlohe", "Hamburg Helmut Schmidt Airport"]}, {"name": "Václav Havel Airport Prague", "size": 40, "imports": ["Václav Havel Airport Prague", "Václav Havel Airport Prague", "London Heathrow Airport"]}, {"name": "London Gatwick Airport", "size": 105, "imports": ["Redhill Aerodrome", "Redhill Aerodrome", "Redhill Aerodrome", "Cascais Airport", "Redhill Aerodrome", "Redhill Aerodrome", "Redhill Aerodrome", "Redhill Aerodrome", "Milano Linate Airport", "Redhill Aerodrome", "Redhill Aerodrome", "Redhill Aerodrome", "Redhill Aerodrome", "Redhill Aerodrome", "Redhill Aerodrome", "Redhill Aerodrome", "Redhill Aerodrome", "Redhill Aerodrome", "Redhill Aerodrome", "EuroAirport Basel-Mulhouse-Freiburg Airport", "Amsterdam Airport Schiphol", "Redhill Aerodrome", "Redhill Aerodrome", "London Gatwick Airport", "Václav Havel Airport Prague", "London Gatwick Airport", "London Gatwick Airport", "Václav Havel Airport Prague", "Redhill Aerodrome", "London Gatwick Airport", "Redhill Aerodrome", "Redhill Aerodrome", "Redhill Aerodrome", "Redhill Aerodrome", "Redhill Aerodrome", "Redhill Aerodrome", "Redhill Aerodrome", "Redhill Aerodrome", "Redhill Aerodrome", "Redhill Aerodrome", "Redhill Aerodrome", "London Gatwick Airport", "Redhill Aerodrome", "Redhill Aerodrome", "Redhill Aerodrome", "Redhill Aerodrome", "Redhill Aerodrome", "Redhill Aerodrome", "Redhill Aerodrome", "Redhill Aerodrome", "Redhill Aerodrome", "Redhill Aerodrome", "Redhill Aerodrome", "Redhill Aerodrome", "Redhill Aerodrome", "Redhill Aerodrome", "Redhill Aerodrome", "Redhill Aerodrome", "Redhill Aerodrome", "Redhill Aerodrome", "Redhill Aerodrome", "London Gatwick Airport"]}, {"name": "Corvo Airport", "size": 40, "imports": ["Corvo Airport", "Corvo Airport", "Corvo Airport", "Melsbroek Air Base", "Corvo Airport", "Corvo Airport", "Corvo Airport", "Corvo Airport", "Corvo Airport", "Corvo Airport", "Corvo Airport", "Venice Marco Polo Airport", "London Heathrow Airport", "Corvo Airport", "Corvo Airport", "Corvo Airport", "Corvo Airport", "Corvo Airport", "Corvo Airport", "London Heathrow Airport", "Corvo Airport", "Corvo Airport"]}, {"name": "Flugplatz Saarmund", "size": 38, "imports": []}, {"name": "Zürich Airport", "size": 211, "imports": ["Adolfo Suárez Madrid–Barajas Airport", "London Heathrow Airport", "Zürich Airport", "Adolfo Suárez Madrid–Barajas Airport", "Zürich Airport", "Zürich Airport", "Zürich Airport", "Venice Marco Polo Airport", "Zürich Airport", "Düsseldorf Airport", "Zürich Airport", "Zürich Airport", "Zürich Airport", "Zürich Airport", "Zürich Airport", "Zürich Airport", "Zürich Airport", "London Heathrow Airport", "London Heathrow Airport", "Zellhausen Gliderport", "Zürich Airport", "Zürich Airport", "Zürich Airport", "Zürich Airport", "Zürich Airport", "Zürich Airport", "Zürich Airport", "Zürich Airport", "Redhill Aerodrome", "London Heathrow Airport", "Munich Airport", "Zürich Airport", "Humberto Delgado Airport (Lisbon Portela Airport)", "Zürich Airport", "Flugplatz Saarmund", "Zürich Airport", "Frankfurt am Main Airport", "Zürich Airport", "Zürich Airport", "London Heathrow Airport", "Zürich Airport", "Flugplatz Ahrenlohe", "Zürich Airport", "Zürich Airport", "Zürich Airport", "Zürich Airport", "Zürich Airport", "Vienna International Airport", "London Heathrow Airport", "London Heathrow Airport", "Zagreb Airport", "Zürich Airport", "Flugplatz Ahrenlohe", "Zürich Airport", "Zürich Airport", "Mönchengladbach Airport", "Zürich Airport", "London Heathrow Airport"]}, {"name": "Aeroclub Nistelrode", "size": 11, "imports": ["Memmingen Allgau Airport", "Paris Beauvais Tillé Airport", "Namur-Suarlée Airfield", "Campo di Volo Palosco"]}, {"name": "Toussus-le-Noble Airport", "size": 34, "imports": ["Villacoublay-Vélizy (BA 107) Air Base", "Toussus-le-Noble Airport"]}, {"name": "Leonardo da Vinci–Fiumicino Airport", "size": 162, "imports": ["Redhill Aerodrome", "Treviso-Sant'Angelo Airport", "Bari Karol Wojtyła Airport", "Campo di Volo Palosco", "Treviso-Sant'Angelo Airport", "Paris-Le Bourget Airport", "Campo di Volo Palosco", "Guglielmo Zamboni", "Leonardo da Vinci–Fiumicino Airport", "Aeródromo Loring", "Leonardo da Vinci–Fiumicino Airport", "Treviso-Sant'Angelo Airport", "Leonardo da Vinci–Fiumicino Airport", "Paris-Le Bourget Airport", "Zürich Airport", "Zürich Airport", "Mönchengladbach Airport", "London Heathrow Airport", "Paris-Le Bourget Airport", "Zürich Airport", "Aeródromo Loring", "Leonardo da Vinci–Fiumicino Airport", "Leonardo da Vinci–Fiumicino Airport", "Enghien Moisselles Airfield", "Paris-Le Bourget Airport", "Adolfo Suárez Madrid–Barajas Airport", "Melsbroek Air Base", "Milano Linate Airport", "Redhill Aerodrome", "Adolfo Suárez Madrid–Barajas Airport", "Paris-Le Bourget Airport", "Leonardo da Vinci–Fiumicino Airport", "Frankfurt am Main Airport", "Adolfo Suárez Madrid–Barajas Airport", "Adolfo Suárez Madrid–Barajas Airport", "Leonardo da Vinci–Fiumicino Airport", "Adolfo Suárez Madrid–Barajas Airport", "Paris-Le Bourget Airport", "Paris-Le Bourget Airport", "Paris Beauvais Tillé Airport", "Redhill Aerodrome", "Toussus-le-Noble Airport", "Campo di Volo Palosco", "Melsbroek Air Base", "Enghien Moisselles Airfield", "Leonardo da Vinci–Fiumicino Airport", "Paris-Le Bourget Airport", "Campo di Volo Palosco", "Leonardo da Vinci–Fiumicino Airport", "Toussus-le-Noble Airport", "London Heathrow Airport", "Redhill Aerodrome", "Campo di Volo Le Streghe", "Berlin Brandenburg Airport", "Melsbroek Air Base", "Redhill Aerodrome", "Enghien Moisselles Airfield", "Paris-Le Bourget Airport", "Toussus-le-Noble Airport", "Adolfo Suárez Madrid–Barajas Airport", "Zürich Airport", "Treviso-Sant'Angelo Airport", "Venice Marco Polo Airport", "Paris-Le Bourget Airport", "Paris-Le Bourget Airport", "London Gatwick Airport", "Cologne Bonn Airport", "Zürich Airport", "Toussus-le-Noble Airport", "Boberg Airfield", "Adolfo Suárez Madrid–Barajas Airport", "Cologne Bonn Airport", "Leonardo da Vinci–Fiumicino Airport", "Berlin Brandenburg Airport", "Toussus-le-Noble Airport", "Václav Havel Airport Prague", "Milano Linate Airport", "Treviso-Sant'Angelo Airport", "Paris-Le Bourget Airport", "Hamburg Helmut Schmidt Airport", "Campo di Volo Palosco", "Leonardo da Vinci–Fiumicino Airport", "Treviso-Sant'Angelo Airport", "Cologne Bonn Airport", "Leonardo da Vinci–Fiumicino Airport", "Adolfo Suárez Madrid–Barajas Airport", "Essen Mulheim Airport", "Brussels Airport", "Leonardo da Vinci–Fiumicino Airport", "Campo di Volo Palosco", "Venice Marco Polo Airport", "Treviso-Sant'Angelo Airport", "Paris Beauvais Tillé Airport", "Amsterdam Airport Schiphol", "Adolfo Suárez Madrid–Barajas Airport", "Rush Green Airstrip", "Aérodrome de Persan-Beaumont", "Zürich Airport", "Paris-Le Bourget Airport", "Paris-Le Bourget Airport", "Adolfo Suárez Madrid–Barajas Airport", "Campo di Volo Aerdomus", "Brussels Airport", "Adolfo Suárez Madrid–Barajas Airport", "Campo di Volo Palosco", "Zürich Airport", "Leonardo da Vinci–Fiumicino Airport", "Leonardo da Vinci–Fiumicino Airport", "Melsbroek Air Base", "High Cross Airstrip", "Hamburg Helmut Schmidt Airport", "Leonardo da Vinci–Fiumicino Airport", "Leonardo da Vinci–Fiumicino Airport", "Toussus-le-Noble Airport", "Zürich Airport", "Toussus-le-Noble Airport", "Flugplatz Saarmund", "Adolfo Suárez Madrid–Barajas Airport", "Campo di Volo Palosco", "Redhill Aerodrome", "Memmingen Allgau Airport", "Redhill Aerodrome", "Vienna International Airport"]}, {"name": "Berlin Brandenburg Airport", "size": 61, "imports": ["Berlin Brandenburg Airport", "Düsseldorf Airport", "Flugplatz Saarmund", "Flugplatz Saarmund", "Flugplatz Saarmund", "London Heathrow Airport", "EuroAirport Basel-Mulhouse-Freiburg Airport", "Venice Marco Polo Airport", "Adolfo Suárez Madrid–Barajas Airport", "Flugplatz Saarmund", "London Heathrow Airport", "Campo di Volo Palosco", "Zagreb Airport", "Zürich Airport", "Mönchengladbach Airport", "Amsterdam Airport Schiphol", "Flugplatz Saarmund", "Flugplatz Saarmund", "Flugplatz Saarmund", "Berlin Brandenburg Airport", "Flugplatz Saarmund", "Flugplatz Saarmund"]}, {"name": "Thisted Airport", "size": 13, "imports": ["London Heathrow Airport", "Mönchengladbach Airport", "Mönchengladbach Airport", "Großes Moor Airfield", "Humberto Delgado Airport (Lisbon Portela Airport)", "Hamburg Helmut Schmidt Airport", "Munich Airport", "Mönchengladbach Airport", "Frankfurt am Main Airport", "Hamburg Helmut Schmidt Airport", "Zürich Airport", "Sonderlandeplatz Kremmen-Hohenbruch UL", "Munich Airport"]}, {"name": "Essen Mulheim Airport", "size": 33, "imports": ["Essen Mulheim Airport", "Adolfo Suárez Madrid–Barajas Airport", "London Heathrow Airport", "Mönchengladbach Airport", "London Heathrow Airport", "London Heathrow Airport", "Berlin Brandenburg Airport", "London Heathrow Airport", "Zürich Airport", "Essen Mulheim Airport", "Zürich Airport", "Berlin Brandenburg Airport", "Hamburg Helmut Schmidt Airport", "Adolfo Suárez Madrid–Barajas Airport", "Milano Linate Airport", "Enghien Moisselles Airfield", "Campo di Volo Pegaso", "London Heathrow Airport", "London Heathrow Airport", "Hamburg Helmut Schmidt Airport"]}, {"name": "Oslo Airport, Gardermoen", "size": 44, "imports": ["Amsterdam Airport Schiphol", "Oslo Airport, Gardermoen", "London Heathrow Airport", "Václav Havel Airport Prague", "London Heathrow Airport", "Oslo Airport, Gardermoen", "London Heathrow Airport", "Rush Green Airstrip", "Oslo Airport, Gardermoen", "Venice Marco Polo Airport", "London Heathrow Airport", "Oslo Airport, Gardermoen", "Oslo Airport, Gardermoen", "Melsbroek Air Base", "Oslo Airport, Gardermoen", "Oslo Airport, Gardermoen", "Václav Havel Airport Prague", "Nice-Côte d'Azur Airport", "Oslo Airport, Gardermoen", "Oslo Airport, Gardermoen", "Oslo Airport, Gardermoen", "London Heathrow Airport", "Oslo Airport, Gardermoen", "London Gatwick Airport", "London Heathrow Airport", "Kamnik Stol Airfield", "Oslo Airport, Gardermoen"]}, {"name": "Hamburg-Finkenwerder Airport", "size": 6, "imports": ["Zürich Airport", "Geneva Cointrin International Airport", "Cologne Bonn Airport", "Zürich Airport", "Zürich Airport", "Zürich Airport"]}, {"name": "Vienna International Airport", "size": 25, "imports": ["London Heathrow Airport", "Vienna International Airport", "Großes Moor Airfield", "London Heathrow Airport", "Leonardo da Vinci–Fiumicino Airport", "Vienna International Airport", "Redhill Aerodrome", "Zürich Airport", "Boberg Airfield", "Berlin Brandenburg Airport"]}, {"name": "Treviso-Sant'Angelo Airport", "size": 13, "imports": []}, {"name": "Bari Karol Wojtyła Airport", "size": 5, "imports": ["Venice Marco Polo Airport"]}, {"name": "Newquay Cornwall Airport", "size": 3, "imports": ["Campo di Volo Palosco", "Adolfo Suárez Madrid–Barajas Airport", "Namur-Suarlée Airfield"]}, {"name": "Düsseldorf Airport", "size": 75, "imports": ["Zürich Airport", "Mönchengladbach Airport", "Zürich Airport", "Nuremberg Airport", "Flugplatz Saarmund", "Mönchengladbach Airport", "Flugplatz Saarmund", "Mönchengladbach Airport", "Zürich Airport", "Zürich Airport", "Mönchengladbach Airport", "Hamburg Helmut Schmidt Airport", "Düsseldorf Airport", "Mönchengladbach Airport", "Mönchengladbach Airport", "Mönchengladbach Airport", "Berlin Brandenburg Airport", "Mönchengladbach Airport", "Mönchengladbach Airport", "Mönchengladbach Airport", "London Heathrow Airport", "Mönchengladbach Airport", "Mönchengladbach Airport", "Mönchengladbach Airport", "Mönchengladbach Airport", "Flugplatz Saarmund", "Mönchengladbach Airport", "Mönchengladbach Airport", "Mönchengladbach Airport", "Mönchengladbach Airport", "Boberg Airfield", "Mönchengladbach Airport", "Hamburg Helmut Schmidt Airport", "Mönchengladbach Airport", "Cascais Airport", "Mönchengladbach Airport", "London Heathrow Airport", "Nice-Côte d'Azur Airport", "Adolfo Suárez Madrid–Barajas Airport", "London Heathrow Airport", "Mönchengladbach Airport", "Mönchengladbach Airport", "Frankfurt am Main Airport", "Mönchengladbach Airport", "Melsbroek Air Base", "Essen Mulheim Airport", "London Heathrow Airport", "Essen Mulheim Airport", "Düsseldorf Airport", "London Heathrow Airport", "Meiersberg Airfield", "Enghien Moisselles Airfield", "London Heathrow Airport", "Zürich Airport", "Bienenfarm Airport", "Düsseldorf Airport", "Munich Airport", "Mönchengladbach Airport", "Mönchengladbach Airport", "Mönchengladbach Airport", "Campo di Volo Sangermano", "Mönchengladbach Airport", "Mönchengladbach Airport", "Mönchengladbach Airport", "Mönchengladbach Airport", "Milano Linate Airport", "Venice Marco Polo Airport"]}, {"name": "Munich Airport", "size": 42, "imports": ["Munich Airport", "London Heathrow Airport", "Munich Airport", "Munich Airport", "Mönchengladbach Airport", "Bari Karol Wojtyła Airport"]}, {"name": "Winterthur Airport", "size": 19, "imports": ["Enghien Moisselles Airfield", "Zürich Airport", "Munich Airport", "Hamburg Helmut Schmidt Airport", "Mönchengladbach Airport", "Boberg Airfield", "Zürich Airport", "Nice-Côte d'Azur Airport", "Hamburg Helmut Schmidt Airport", "Boberg Airfield", "Boberg Airfield", "Munich Airport", "Venice Marco Polo Airport", "Enghien Moisselles Airfield", "Cologne Bonn Airport", "Boberg Airfield", "Zürich Airport", "London Heathrow Airport", "Hamburg Helmut Schmidt Airport"]}, {"name": "Dębno Airstrip", "size": 1, "imports": ["Enghien Moisselles Airfield"]}, {"name": "A Coruña Airport", "size": 7, "imports": ["Adolfo Suárez Madrid–Barajas Airport", "Rush Green Airstrip", "Berlin Brandenburg Airport", "Humberto Delgado Airport (Lisbon Portela Airport)", "Humberto Delgado Airport (Lisbon Portela Airport)", "Berlin Brandenburg Airport", "Alverca Air Base"]}, {"name": "Cologne Bonn Airport", "size": 57, "imports": ["Cologne Bonn Airport", "Cologne Bonn Airport", "Boberg Airfield", "Campo di Volo Palosco", "Campo di Volo Palosco", "Munich Airport", "Adolfo Suárez Madrid–Barajas Airport", "Flugplatz Saarmund", "Mönchengladbach Airport", "Sonderlandeplatz Kremmen-Hohenbruch UL", "Cologne Bonn Airport", "Flugplatz Ahrenlohe", "Werneuchen Airfield", "Paris Beauvais Tillé Airport", "Cologne Bonn Airport", "London Heathrow Airport", "Berlin Brandenburg Airport", "Leverkusen Airport", "Düsseldorf Airport", "Berlin Brandenburg Airport", "Berlin Brandenburg Airport", "Berlin Brandenburg Airport", "Enghien Moisselles Airfield", "Venice Marco Polo Airport", "Hunsdon Airfield", "Campo di Volo Palosco"]}, {"name": "Cascais Airport", "size": 4, "imports": ["Mönchengladbach Airport"]}, {"name": "London Gliding Club", "size": 13, "imports": ["Rush Green Airstrip", "Berlin Brandenburg Airport", "Rush Green Airstrip", "Rush Green Airstrip", "Amsterdam Airport Schiphol"]}, {"name": "Aérodrome de Belle Île", "size": 6, "imports": ["Aeródromo Loring", "Redhill Aerodrome", "Paris-Le Bourget Airport", "Aeródromo Loring", "Paris-Le Bourget Airport", "Paris-Le Bourget Airport"]}, {"name": "Aeródromo Loring", "size": 41, "imports": ["Adolfo Suárez Madrid–Barajas Airport", "Adolfo Suárez Madrid–Barajas Airport", "Adolfo Suárez Madrid–Barajas Airport"]}, {"name": "EuroAirport Basel-Mulhouse-Freiburg Airport", "size": 17, "imports": ["Zürich Airport", "London Heathrow Airport", "Enghien Moisselles Airfield"]}, {"name": "Villacoublay-Vélizy (BA 107) Air Base", "size": 33, "imports": ["Flugplatz Saarmund", "Toussus-le-Noble Airport", "Sonderlandeplatz Kremmen-Hohenbruch UL", "Toussus-le-Noble Airport", "Toussus-le-Noble Airport", "Toussus-le-Noble Airport", "Villacoublay-Vélizy (BA 107) Air Base", "Melsbroek Air Base", "Nice-Côte d'Azur Airport", "Munich Airport", "Stuttgart Airport", "Leonardo da Vinci–Fiumicino Airport", "Toussus-le-Noble Airport", "Villacoublay-Vélizy (BA 107) Air Base", "Toussus-le-Noble Airport", "Berlin Brandenburg Airport", "Toussus-le-Noble Airport", "Toussus-le-Noble Airport", "Toussus-le-Noble Airport", "London Heathrow Airport"]}, {"name": "Hunsdon Airfield", "size": 22, "imports": ["Oslo Airport, Gardermoen", "Hunsdon Airfield", "Adolfo Suárez Madrid–Barajas Airport", "Zürich Airport", "Hunsdon Airfield", "Esslingen-Jägerhaus Airfield"]}, {"name": "Venice Marco Polo Airport", "size": 39, "imports": ["Paris-Le Bourget Airport", "London Heathrow Airport", "EuroAirport Basel-Mulhouse-Freiburg Airport"]}, {"name": "Leverkusen Airport", "size": 4, "imports": ["Enghien Moisselles Airfield"]}, {"name": "Paris Beauvais Tillé Airport", "size": 26, "imports": ["Melsbroek Air Base", "Namur-Suarlée Airfield", "Ciampino–G. B. Pastine International Airport", "Treviso-Sant'Angelo Airport", "Paris Beauvais Tillé Airport", "Paris Beauvais Tillé Airport", "Redhill Aerodrome", "Aeroclub Nistelrode", "Paris Beauvais Tillé Airport"]}, {"name": "Melsbroek Air Base", "size": 27, "imports": ["Brussels Airport", "Brussels Airport", "Brussels Airport", "Adolfo Suárez Madrid–Barajas Airport", "Brussels Airport"]}, {"name": "Flugplatz Hartenholm", "size": 1, "imports": []}, {"name": "Mönchengladbach Airport", "size": 118, "imports": ["London Heathrow Airport", "Zürich Airport", "Milano Linate Airport", "Mönchengladbach Airport", "London Heathrow Airport", "Frankfurt am Main Airport", "Zürich Airport", "Mönchengladbach Airport", "Milano Linate Airport", "London Heathrow Airport", "Wanlo Airfield", "Flugplatz Saarmund", "Mönchengladbach Airport", "London Heathrow Airport", "Fresh Breeze UL", "London Heathrow Airport", "Frankfurt am Main Airport", "Essen Mulheim Airport", "Zürich Airport", "Zürich Airport", "Dresden Airport", "Zürich Airport", "Adolfo Suárez Madrid–Barajas Airport", "London Heathrow Airport", "Flugplatz Saarmund", "Flugplatz Saarmund", "Mönchengladbach Airport", "Flugplatz Saarmund", "Flugplatz Saarmund", "Mönchengladbach Airport", "Mönchengladbach Airport", "Milano Linate Airport", "Mönchengladbach Airport", "Zürich Airport", "Mönchengladbach Airport", "London Heathrow Airport", "London Heathrow Airport", "Gustorfer Höhe Airfield", "Boberg Airfield", "Zürich Airport", "Boberg Airfield", "Vienna International Airport", "Zürich Airport", "Bari Karol Wojtyła Airport", "Flugplatz Saarmund", "Mönchengladbach Airport", "Zürich Airport", "Leonardo da Vinci–Fiumicino Airport", "Enghien Moisselles Airfield", "Zürich Airport"]}, {"name": "Kalmar Airport", "size": 6, "imports": ["Brussels South Charleroi Airport", "Namur-Suarlée Airfield", "Campo di Volo Palosco", "Namur-Suarlée Airfield", "Brussels South Charleroi Airport", "Namur-Suarlée Airfield"]}, {"name": "Fresh Breeze UL", "size": 3, "imports": ["London Heathrow Airport", "Zürich Airport"]}, {"name": "Guglielmo Zamboni", "size": 3, "imports": ["La Quercia"]}, {"name": "Sonderlandeplatz Kremmen-Hohenbruch UL", "size": 4, "imports": []}, {"name": "Zagreb Airport", "size": 4, "imports": []}, {"name": "Trøgstad Airfield", "size": 16, "imports": ["Zürich Airport", "Hamburg Helmut Schmidt Airport", "Zürich Airport", "Hamburg Helmut Schmidt Airport", "Amsterdam Airport Schiphol", "Zürich Airport", "Hamburg Helmut Schmidt Airport", "Hamburg Helmut Schmidt Airport", "London Heathrow Airport", "Hamburg Helmut Schmidt Airport", "Cameri Air Base [MIL]", "London Heathrow Airport", "Boberg Airfield", "Vienna International Airport", "Boberg Airfield", "Enghien Moisselles Airfield"]}, {"name": "Ciampino–G. B. Pastine International Airport", "size": 9, "imports": ["Ciampino–G. B. Pastine International Airport", "High Cross Airstrip"]}, {"name": "High Cross Airstrip", "size": 11, "imports": ["Hunsdon Airfield", "North Weald Airport"]}, {"name": "Frankfurt am Main Airport", "size": 23, "imports": ["Frankfurt am Main Airport", "Frankfurt am Main Airport", "London Heathrow Airport", "Frankfurt am Main Airport", "Frankfurt am Main Airport", "Frankfurt am Main Airport", "Mönchengladbach Airport"]}, {"name": "Casas de los Pinos Airport", "size": 1, "imports": ["Flugplatz Saarmund"]}, {"name": "Roanne-Renaison Airport", "size": 1, "imports": ["Vienna International Airport"]}, {"name": "Ivanovo Yasyunikha Airfield", "size": 1, "imports": ["Essen Mulheim Airport"]}, {"name": "Golędzinów Airstrip", "size": 2, "imports": ["Zürich Airport", "Zürich Airport"]}, {"name": "Stavanger Airport, Sola", "size": 7, "imports": ["Rush Green Airstrip", "Melsbroek Air Base", "Hamburg Helmut Schmidt Airport", "London Gatwick Airport", "Milano Linate Airport", "London Heathrow Airport", "Humberto Delgado Airport (Lisbon Portela Airport)"]}, {"name": "Stornoway Airport", "size": 1, "imports": ["Redhill Aerodrome"]}, {"name": "Melilla Airport", "size": 1, "imports": ["Adolfo Suárez Madrid–Barajas Airport"]}, {"name": "Esslingen-Jägerhaus Airfield", "size": 10, "imports": ["Paris-Le Bourget Airport", "Berlin Brandenburg Airport"]}, {"name": "Namur-Suarlée Airfield", "size": 46, "imports": ["Namur-Suarlée Airfield", "Campo di Volo Palosco", "Campo di Volo Palosco", "Brussels South Charleroi Airport", "Campo di Volo Palosco", "Brussels South Charleroi Airport", "Rush Green Airstrip", "Adolfo Suárez Madrid–Barajas Airport", "Namur-Suarlée Airfield", "Brussels South Charleroi Airport"]}, {"name": "\"Campo di Volo \"\"Il Gruccione\"\"\"", "size": 2, "imports": ["Namur-Suarlée Airfield", "Redhill Aerodrome"]}, {"name": "Barling Airfield", "size": 4, "imports": ["Tillingham Airstrip", "Southend Airport"]}, {"name": "Tillingham Airstrip", "size": 9, "imports": ["Stoke Airfield", "Venice Marco Polo Airport"]}, {"name": "Genböle Airport", "size": 2, "imports": ["Enghien Moisselles Airfield", "Zürich Airport"]}, {"name": "Villmobakken Airstrip", "size": 4, "imports": ["London Heathrow Airport", "Villacoublay-Vélizy (BA 107) Air Base", "Oslo Airport, Gardermoen", "London Heathrow Airport"]}, {"name": "Bunge Private Airport", "size": 4, "imports": ["Düsseldorf Airport", "Zürich Airport", "London Heathrow Airport", "Essen Mulheim Airport"]}, {"name": "Meiersberg Airfield", "size": 11, "imports": ["Berlin Brandenburg Airport", "Zürich Airport", "Enghien Moisselles Airfield", "Zürich Airport", "Milano Linate Airport", "Essen Mulheim Airport", "Essen Mulheim Airport", "Hamburg Helmut Schmidt Airport", "Milano Linate Airport", "Essen Mulheim Airport"]}, {"name": "Nuremberg Airport", "size": 2, "imports": ["Flugplatz Saarmund"]}, {"name": "Langeveld Glider Field", "size": 2, "imports": ["Václav Havel Airport Prague", "Enghien Moisselles Airfield"]}, {"name": "London Stansted Airport", "size": 4, "imports": ["Hunsdon Airfield", "Berlin Brandenburg Airport", "High Cross Airstrip", "Hunsdon Airfield"]}, {"name": "Alverca Air Base", "size": 13, "imports": ["Paris Beauvais Tillé Airport", "Adolfo Suárez Madrid–Barajas Airport", "London Heathrow Airport", "Redhill Aerodrome"]}, {"name": "Cóbreces Airfield", "size": 4, "imports": ["Brussels South Charleroi Airport", "Namur-Suarlée Airfield", "Brussels South Charleroi Airport", "Campo di Volo Palosco"]}, {"name": "London City Airport", "size": 4, "imports": ["London City Airport"]}, {"name": "Charles de Gaulle International Airport", "size": 12, "imports": ["Cologne Bonn Airport", "Paris-Le Bourget Airport", "Paris-Le Bourget Airport", "EuroAirport Basel-Mulhouse-Freiburg Airport", "Redhill Aerodrome", "Milano Linate Airport", "Munich Airport", "London Heathrow Airport", "Adolfo Suárez Madrid–Barajas Airport", "Adolfo Suárez Madrid–Barajas Airport", "Paris-Le Bourget Airport", "Zürich Airport"]}, {"name": "Aeródromo Tarancón", "size": 2, "imports": ["Paris-Le Bourget Airport", "Enghien Moisselles Airfield"]}, {"name": "Oberhinkofen Airfield", "size": 4, "imports": ["Václav Havel Airport Prague", "Paris-Le Bourget Airport", "London Heathrow Airport", "Enghien Moisselles Airfield"]}, {"name": "Saarbrücken Airport", "size": 2, "imports": []}, {"name": "Balen-Keiheuvel Airfield", "size": 2, "imports": []}, {"name": "\"Aviosuperficie \"\"Cap. Pilota Saverio Tedesco\"\"\"", "size": 1, "imports": ["London Heathrow Airport"]}, {"name": "Cameri Air Base [MIL]", "size": 4, "imports": []}, {"name": "Bologna Guglielmo Marconi Airport", "size": 1, "imports": ["Cameri Air Base [MIL]"]}, {"name": "AeroSidonia", "size": 2, "imports": ["Paris-Le Bourget Airport", "Melsbroek Air Base"]}, {"name": "La Quercia", "size": 1, "imports": []}, {"name": "Wanlo Airfield", "size": 1, "imports": []}, {"name": "Brussels Airport", "size": 8, "imports": []}, {"name": "Luxembourg-Findel International Airport", "size": 2, "imports": ["London Heathrow Airport", "Esslingen-Jägerhaus Airfield"]}, {"name": "Wunstorf Air Base", "size": 1, "imports": []}, {"name": "Donegal Airport", "size": 1, "imports": ["Treviso-Sant'Angelo Airport"]}, {"name": "Altisurface de la Pointe de l'Ouillon", "size": 1, "imports": ["Munich Airport"]}, {"name": "Ljubljana Jože Pučnik Airport", "size": 1, "imports": ["Munich Airport"]}, {"name": "Fürth-Seckendorf Airfield", "size": 1, "imports": ["Zürich Airport"]}, {"name": "Nagurskoye", "size": 2, "imports": ["London Gatwick Airport", "Melsbroek Air Base"]}, {"name": "Stuttgart Airport", "size": 9, "imports": ["Venice Marco Polo Airport", "Hamburg Helmut Schmidt Airport", "London Heathrow Airport", "London Heathrow Airport"]}, {"name": "Base ULM de Javerlhac", "size": 1, "imports": ["Campo di Volo Palosco"]}, {"name": "Großes Moor Airfield", "size": 5, "imports": ["Graz Airport", "Vienna International Airport", "Paris-Le Bourget Airport"]}, {"name": "Lampedusa Airport", "size": 6, "imports": ["Paris-Le Bourget Airport", "London Heathrow Airport", "Bari Karol Wojtyła Airport", "Little Chase Farm Airstrip", "Aeródromo Loring", "Namur-Suarlée Airfield"]}, {"name": "Park Farm Airstrip", "size": 1, "imports": ["Berlin Brandenburg Airport"]}, {"name": "Mirkovac Airstrip", "size": 4, "imports": ["Campo di Volo Palosco", "Ciampino–G. B. Pastine International Airport", "Campo di Volo Palosco", "Leonardo da Vinci–Fiumicino Airport"]}, {"name": "Bantry Aerodrome", "size": 10, "imports": ["Redhill Aerodrome", "London Gatwick Airport", "Redhill Aerodrome", "Rush Green Airstrip", "Rush Green Airstrip", "Redhill Aerodrome", "Venice Marco Polo Airport", "London Gatwick Airport", "Redhill Aerodrome", "Enghien Moisselles Airfield"]}, {"name": "Memmingen Allgau Airport", "size": 4, "imports": []}, {"name": "Base Hydro-ULM Juan Les Pins", "size": 2, "imports": ["Nice-Côte d'Azur Airport", "Vienna International Airport"]}, {"name": "White Waltham Airfield", "size": 1, "imports": []}, {"name": "Little Chase Farm Airstrip", "size": 7, "imports": ["Düsseldorf Airport", "Little Chase Farm Airstrip", "Enghien Moisselles Airfield", "Zürich Airport"]}, {"name": "Stoke Airfield", "size": 9, "imports": ["Tillingham Airstrip", "Barling Airfield", "Stoke Airfield", "Barling Airfield", "Venice Marco Polo Airport"]}, {"name": "Hessisch Lichtenau Airfield", "size": 2, "imports": ["London Gliding Club", "Redhill Aerodrome"]}, {"name": "North Weald Airport", "size": 1, "imports": []}, {"name": "Edermünde-Grifte Airfield", "size": 1, "imports": ["Redhill Aerodrome"]}, {"name": "Prešov Air Base", "size": 1, "imports": ["London Heathrow Airport"]}, {"name": "Graz Airport", "size": 1, "imports": []}, {"name": "Radovesice Airfield", "size": 3, "imports": ["Brussels South Charleroi Airport", "Brussels South Charleroi Airport", "Campo di Volo Palosco"]}, {"name": "Aérodrome de Persan-Beaumont", "size": 3, "imports": ["Adolfo Suárez Madrid–Barajas Airport"]}, {"name": "Campo di Volo Agroturismo Sasso d'Oro", "size": 1, "imports": ["Redhill Aerodrome"]}, {"name": "Bericote Farm Airstrip", "size": 3, "imports": []}, {"name": "Aviosuperficie Stintino", "size": 2, "imports": ["Zürich Airport", "Zürich Airport"]}, {"name": "Campo di Volo Le Streghe", "size": 2, "imports": []}, {"name": "Zellhausen Gliderport", "size": 1, "imports": []}, {"name": "Ajaccio-Napoléon Bonaparte Airport", "size": 2, "imports": []}, {"name": "Visby Airport", "size": 1, "imports": ["Mönchengladbach Airport"]}, {"name": "Altiport du Col De Belledonne", "size": 3, "imports": ["Mönchengladbach Airport", "Adolfo Suárez Madrid–Barajas Airport", "Zürich Airport"]}, {"name": "West Newland Farm Airstrip", "size": 1, "imports": []}, {"name": "St. Mary's Airport", "size": 2, "imports": ["Zürich Airport", "Villacoublay-Vélizy (BA 107) Air Base"]}, {"name": "Hallertau Airfield", "size": 1, "imports": ["Villacoublay-Vélizy (BA 107) Air Base"]}, {"name": "Flugplatz Höxter-Holzminden", "size": 1, "imports": ["Rush Green Airstrip"]}, {"name": "Flugplatz Freiburg", "size": 1, "imports": ["Amsterdam Airport Schiphol"]}, {"name": "Ingolstadt Manching Airport", "size": 1, "imports": ["Nice-Côte d'Azur Airport"]}, {"name": "Suðureyri Airstrip", "size": 1, "imports": ["Rush Green Airstrip"]}, {"name": "Eindhoven Airport", "size": 6, "imports": ["Namur-Suarlée Airfield"]}, {"name": "Scalaria Airchallenge Water Landing Area", "size": 2, "imports": ["Vienna International Airport", "Toussus-le-Noble Airport"]}, {"name": "Villaframil Airport", "size": 2, "imports": ["Venice Marco Polo Airport", "Stoke Airfield"]}, {"name": "Heide-Büsum Airport", "size": 1, "imports": ["Redhill Aerodrome"]}, {"name": "Madrid–Torrejón Airport / Torrejón Air Base", "size": 3, "imports": ["Adolfo Suárez Madrid–Barajas Airport"]}, {"name": "Saint-Yan Airport", "size": 6, "imports": ["Enghien Moisselles Airfield", "London Heathrow Airport", "Rush Green Airstrip", "Adolfo Suárez Madrid–Barajas Airport", "Adolfo Suárez Madrid–Barajas Airport", "London Heathrow Airport"]}, {"name": "(duplicate) Base ULM de Doucier", "size": 2, "imports": ["Céroux-Mousty Balloon Field", "Zürich Airport"]}, {"name": "Céroux-Mousty Balloon Field", "size": 1, "imports": []}, {"name": "Werneuchen Airfield", "size": 1, "imports": []}, {"name": "Aeródromo Santa Eulalia Airstrip", "size": 2, "imports": ["Aviosuperficie Ceresara", "London Gatwick Airport"]}, {"name": "Aviosuperficie Ceresara", "size": 1, "imports": []}, {"name": "Dresden Airport", "size": 3, "imports": ["Zürich Airport"]}, {"name": "Falcone–Borsellino Airport", "size": 1, "imports": ["London Heathrow Airport"]}, {"name": "RAF Akrotiri", "size": 1, "imports": ["London Heathrow Airport"]}, {"name": "Dušníky ULM", "size": 1, "imports": ["Adolfo Suárez Madrid–Barajas Airport"]}, {"name": "Mo i Rana Airport, Røssvoll", "size": 1, "imports": ["Berlin Brandenburg Airport"]}, {"name": "Stauning Airport", "size": 1, "imports": ["Campo di Volo Palosco"]}, {"name": "UL-Flugplatz Hohenstein", "size": 3, "imports": ["Paris-Le Bourget Airport", "London Heathrow Airport", "London Heathrow Airport"]}, {"name": "Provideniya Bay Airport", "size": 1, "imports": ["Berlin Brandenburg Airport"]}, {"name": "Saint Rémy de Maurienne", "size": 2, "imports": ["London Heathrow Airport", "Václav Havel Airport Prague"]}, {"name": "Kamnik Stol Airfield", "size": 2, "imports": []}, {"name": "Pantelleria Airport", "size": 1, "imports": ["Ajaccio-Napoléon Bonaparte Airport"]}, {"name": "Bell-Hundheim", "size": 1, "imports": []}, {"name": "Malbork Military Air Base", "size": 2, "imports": ["Zürich Airport", "London Gatwick Airport"]}, {"name": "Pula Airport", "size": 2, "imports": ["Brussels South Charleroi Airport"]}, {"name": "Ny-Ålesund Airport, Hamnerabben", "size": 1, "imports": ["Villacoublay-Vélizy (BA 107) Air Base"]}, {"name": "Gustorfer Höhe Airfield", "size": 1, "imports": []}, {"name": "Valbrembo Airport", "size": 1, "imports": ["Namur-Suarlée Airfield"]}, {"name": "Brest Bretagne Airport", "size": 1, "imports": []}, {"name": "Lagos Airfield ULM", "size": 1, "imports": ["Essen Mulheim Airport"]}, {"name": "Aérodrome de Vendays-Montalivet", "size": 3, "imports": ["Spitzerberg Airfield", "Mönchengladbach Airport", "Essen Mulheim Airport"]}, {"name": "Spitzerberg Airfield", "size": 1, "imports": []}, {"name": "Ålåsen Airfield", "size": 1, "imports": ["Treviso-Sant'Angelo Airport"]}, {"name": "Nizhyn Air Base", "size": 1, "imports": ["London Gatwick Airport"]}, {"name": "Lakselv Airport, Banak", "size": 1, "imports": ["Amsterdam Airport Schiphol"]}, {"name": "Campo di Volo Aerdomus", "size": 1, "imports": []}, {"name": "Southend Airport", "size": 2, "imports": ["Tillingham Airstrip"]}, {"name": "Flugplatz Güttin / Rügen", "size": 1, "imports": ["Villacoublay-Vélizy (BA 107) Air Base"]}, {"name": "Bienenfarm Airport", "size": 1, "imports": []}, {"name": "Aviosuperficie Cecina", "size": 1, "imports": ["Brussels South Charleroi Airport"]}, {"name": "St. Peter-Ording Airport", "size": 1, "imports": ["Stuttgart Airport"]}, {"name": "Campo di Volo Sangermano", "size": 1, "imports": []}, {"name": "Campo di Volo Scaligero", "size": 1, "imports": ["Redhill Aerodrome"]}, {"name": "Bracciano Air Base", "size": 1, "imports": []}, {"name": "Campo di Volo Pegaso", "size": 1, "imports": []}, {"name": "Campo de Vuelo de Astorga", "size": 1, "imports": ["Toussus-le-Noble Airport"]}, {"name": "Flores Airport", "size": 2, "imports": ["Flores Airport"]}, {"name": "Moosburg auf der Kippe", "size": 1, "imports": []}, {"name": "Paris-Orly Airport", "size": 1, "imports": ["Berlin Brandenburg Airport"]}, {"name": "Sulkaharju Airfield", "size": 1, "imports": ["Berlin Brandenburg Airport"]}, {"name": "Hurdal Airstrip", "size": 1, "imports": ["Václav Havel Airport Prague"]}, {"name": "Ithwiesen Airfield", "size": 1, "imports": ["Rush Green Airstrip"]}, {"name": "Aviosuperficie dei Navigli", "size": 1, "imports": []}, {"name": "Flugplatz Merseburg", "size": 1, "imports": ["Farnborough Airport"]}, {"name": "Farnborough Airport", "size": 1, "imports": []}]