[{"year":1850,"age":0,"sex":1,"people":148},
{"year":1850,"age":0,"sex":2,"people":145},
{"year":1850,"age":1000,"sex":1,"people":141},
{"year":1850,"age":1000,"sex":2,"people":135},
{"year":1850,"age":2000,"sex":1,"people":126},
{"year":1850,"age":2000,"sex":2,"people":121},
{"year":1850,"age":3000,"sex":1,"people":107},
{"year":1850,"age":3000,"sex":2,"people":111},
{"year":1850,"age":4000,"sex":1,"people":101},
{"year":1850,"age":4000,"sex":2,"people":100},
{"year":1850,"age":5000,"sex":1,"people":862},
{"year":1850,"age":5000,"sex":2,"people":799},
{"year":1860,"age":0,"sex":1,"people":220},
{"year":1860,"age":0,"sex":2,"people":292},
{"year":1860,"age":1000,"sex":1,"people":107},
{"year":1860,"age":1000,"sex":2,"people":178},
{"year":1860,"age":2000,"sex":1,"people":161},
{"year":1860,"age":2000,"sex":2,"people":154},
{"year":1860,"age":3000,"sex":1,"people":143},
{"year":1860,"age":3000,"sex":2,"people":149},
{"year":1860,"age":4000,"sex":1,"people":135},
{"year":1860,"age":4000,"sex":2,"people":137},
{"year":1860,"age":5000,"sex":1,"people":121},
{"year":1860,"age":5000,"sex":2,"people":111},
{"year":1870,"age":0,"sex":1,"people":280},
{"year":1870,"age":0,"sex":2,"people":271},
{"year":1870,"age":1000,"sex":1,"people":428},
{"year":1870,"age":1000,"sex":2,"people":239},
{"year":1870,"age":2000,"sex":1,"people":427},
{"year":1870,"age":2000,"sex":2,"people":234},
{"year":1870,"age":3000,"sex":1,"people":958},
{"year":1870,"age":3000,"sex":2,"people":207},
{"year":1870,"age":4000,"sex":1,"people":180},
{"year":1870,"age":4000,"sex":2,"people":909},
{"year":1870,"age":5000,"sex":1,"people":150},
{"year":1870,"age":5000,"sex":2,"people":157},
{"year":1880,"age":0,"sex":1,"people":353},
{"year":1880,"age":0,"sex":2,"people":342},
{"year":1880,"age":1000,"sex":1,"people":329},
{"year":1880,"age":1000,"sex":2,"people":317},
{"year":1880,"age":2000,"sex":1,"people":291},
{"year":1880,"age":2000,"sex":2,"people":813},
{"year":1880,"age":3000,"sex":1,"people":457},
{"year":1880,"age":3000,"sex":2,"people":527},
{"year":1880,"age":4000,"sex":1,"people":547},
{"year":1880,"age":4000,"sex":2,"people":251},
{"year":1880,"age":5000,"sex":1,"people":211},
{"year":1880,"age":5000,"sex":2,"people":174},
{"year":1900,"age":0,"sex":1,"people":619},
{"year":1900,"age":0,"sex":2,"people":589},
{"year":1900,"age":1000,"sex":1,"people":446},
{"year":1900,"age":1000,"sex":2,"people":439},
{"year":1900,"age":2000,"sex":1,"people":405},
{"year":1900,"age":2000,"sex":2,"people":400},
{"year":1900,"age":3000,"sex":1,"people":377},
{"year":1900,"age":3000,"sex":2,"people":380},
{"year":1900,"age":4000,"sex":1,"people":369},
{"year":1900,"age":4000,"sex":2,"people":375},
{"year":1900,"age":5000,"sex":1,"people":338},
{"year":1900,"age":5000,"sex":2,"people":323},
{"year":1910,"age":0,"sex":1,"people":529},
{"year":1910,"age":0,"sex":2,"people":528},
{"year":1910,"age":1000,"sex":1,"people":499},
{"year":1910,"age":1000,"sex":2,"people":486},
{"year":1910,"age":2000,"sex":1,"people":465},
{"year":1910,"age":2000,"sex":2,"people":447},
{"year":1910,"age":3000,"sex":1,"people":456},
{"year":1910,"age":3000,"sex":2,"people":459},
{"year":1910,"age":4000,"sex":1,"people":463},
{"year":1910,"age":4000,"sex":2,"people":444},
{"year":1910,"age":5000,"sex":1,"people":257},
{"year":1910,"age":5000,"sex":2,"people":394},
{"year":1920,"age":0,"sex":1,"people":593},
{"year":1920,"age":0,"sex":2,"people":569},
{"year":1920,"age":1000,"sex":1,"people":578},
{"year":1920,"age":1000,"sex":2,"people":569},
{"year":1920,"age":2000,"sex":1,"people":540},
{"year":1920,"age":2000,"sex":2,"people":529},
{"year":1920,"age":3000,"sex":1,"people":724},
{"year":1920,"age":3000,"sex":2,"people":477},
{"year":1920,"age":4000,"sex":1,"people":549},
{"year":1920,"age":4000,"sex":2,"people":474},
{"year":1920,"age":5000,"sex":1,"people":565},
{"year":1920,"age":5000,"sex":2,"people":452},
{"year":1930,"age":0,"sex":1,"people":587},
{"year":1930,"age":0,"sex":2,"people":566},
{"year":1930,"age":1000,"sex":1,"people":652},
{"year":1930,"age":1000,"sex":2,"people":561},
{"year":1930,"age":2000,"sex":1,"people":600},
{"year":1930,"age":2000,"sex":2,"people":599},
{"year":1930,"age":3000,"sex":1,"people":572},
{"year":1930,"age":3000,"sex":2,"people":587},
{"year":1930,"age":4000,"sex":1,"people":592},
{"year":1930,"age":4000,"sex":2,"people":582},
{"year":1930,"age":5000,"sex":1,"people":983},
{"year":1930,"age":5000,"sex":2,"people":329},
{"year":1940,"age":0,"sex":1,"people":528},
{"year":1940,"age":0,"sex":2,"people":513},
{"year":1940,"age":1000,"sex":1,"people":378},
{"year":1940,"age":1000,"sex":2,"people":99},
{"year":1940,"age":2000,"sex":1,"people":416},
{"year":1940,"age":2000,"sex":2,"people":532},
{"year":1940,"age":3000,"sex":1,"people":609},
{"year":1940,"age":3000,"sex":2,"people":601},
{"year":1940,"age":4000,"sex":1,"people":414},
{"year":1940,"age":4000,"sex":2,"people":502},
{"year":1940,"age":5000,"sex":1,"people":566},
{"year":1940,"age":5000,"sex":2,"people":244},
{"year":1950,"age":0,"sex":1,"people":30},
{"year":1950,"age":0,"sex":2,"people":40},
{"year":1950,"age":1000,"sex":1,"people":601},
{"year":1950,"age":1000,"sex":2,"people":663},
{"year":1950,"age":2000,"sex":1,"people":544},
{"year":1950,"age":2000,"sex":2,"people":835},
{"year":1950,"age":3000,"sex":1,"people":129},
{"year":1950,"age":3000,"sex":2,"people":742},
{"year":1950,"age":4000,"sex":1,"people":308},
{"year":1950,"age":4000,"sex":2,"people":227},
{"year":1950,"age":5000,"sex":1,"people":254},
{"year":1950,"age":5000,"sex":2,"people":632},
{"year":1960,"age":0,"sex":1,"people":1035},
{"year":1960,"age":0,"sex":2,"people":1099},
{"year":1960,"age":1000,"sex":1,"people":903},
{"year":1960,"age":1000,"sex":2,"people":941},
{"year":1960,"age":2000,"sex":1,"people":800},
{"year":1960,"age":2000,"sex":2,"people":764},
{"year":1960,"age":3000,"sex":1,"people":602},
{"year":1960,"age":3000,"sex":2,"people":661},
{"year":1960,"age":4000,"sex":1,"people":526},
{"year":1960,"age":4000,"sex":2,"people":555},
{"year":1960,"age":5000,"sex":1,"people":505},
{"year":1960,"age":5000,"sex":2,"people":559},
{"year":1970,"age":0,"sex":1,"people":821},
{"year":1970,"age":0,"sex":2,"people":887},
{"year":1970,"age":1000,"sex":1,"people":111},
{"year":1970,"age":1000,"sex":2,"people":193},
{"year":1970,"age":2000,"sex":1,"people":103},
{"year":1970,"age":2000,"sex":2,"people":138},
{"year":1970,"age":3000,"sex":1,"people":399},
{"year":1970,"age":3000,"sex":2,"people":284},
{"year":1970,"age":4000,"sex":1,"people":202},
{"year":1970,"age":4000,"sex":2,"people":830},
{"year":1970,"age":5000,"sex":1,"people":601},
{"year":1970,"age":5000,"sex":2,"people":641},
{"year":1980,"age":0,"sex":1,"people":843},
{"year":1980,"age":0,"sex":2,"people":804},
{"year":1980,"age":1000,"sex":1,"people":830},
{"year":1980,"age":1000,"sex":2,"people":821},
{"year":1980,"age":2000,"sex":1,"people":938},
{"year":1980,"age":2000,"sex":2,"people":983},
{"year":1980,"age":3000,"sex":1,"people":856},
{"year":1980,"age":3000,"sex":2,"people":171},
{"year":1980,"age":4000,"sex":1,"people":176},
{"year":1980,"age":4000,"sex":2,"people":147},
{"year":1980,"age":5000,"sex":1,"people":353},
{"year":1980,"age":5000,"sex":2,"people":903},
{"year":1990,"age":0,"sex":1,"people":965},
{"year":1990,"age":0,"sex":2,"people":307},
{"year":1990,"age":1000,"sex":1,"people":732},
{"year":1990,"age":1000,"sex":2,"people":955},
{"year":1990,"age":2000,"sex":1,"people":882},
{"year":1990,"age":2000,"sex":2,"people":884},
{"year":1990,"age":3000,"sex":1,"people":972},
{"year":1990,"age":3000,"sex":2,"people":891},
{"year":1990,"age":4000,"sex":1,"people":988},
{"year":1990,"age":4000,"sex":2,"people":644},
{"year":1990,"age":5000,"sex":1,"people":127},
{"year":1990,"age":5000,"sex":2,"people":152},
{"year":2000,"age":0,"sex":1,"people":980},
{"year":2000,"age":0,"sex":2,"people":934},
{"year":2000,"age":1000,"sex":1,"people":146},
{"year":2000,"age":1000,"sex":2,"people":954},
{"year":2000,"age":2000,"sex":1,"people":133},
{"year":2000,"age":2000,"sex":2,"people":152},
{"year":2000,"age":3000,"sex":1,"people":109},
{"year":2000,"age":3000,"sex":2,"people":969},
{"year":2000,"age":4000,"sex":1,"people":315},
{"year":2000,"age":4000,"sex":2,"people":244},
{"year":2000,"age":5000,"sex":1,"people":493},
{"year":2000,"age":5000,"sex":2,"people":507}]
